[
  {
    "id": "492e07c5-1fea-4c38-8d4f-4af53a654b8e",
    "data": [
      {
        "text": "¿Quíen eres?",
        "userDefined": false
      }
    ],
    "isTemplate": false,
    "count": 0,
    "updated": 1524823346
  },
  {
    "id": "51b12a55-6624-4e00-aafb-eb526b229850",
    "data": [
      {
        "text": "quien eres?",
        "userDefined": false
      }
    ],
    "isTemplate": false,
    "count": 0,
    "updated": 1524823346
  },
  {
    "id": "02de10ca-23b3-4060-9414-3ef882a7c8ec",
    "data": [
      {
        "text": "¿Qué hace?",
        "userDefined": false
      }
    ],
    "isTemplate": false,
    "count": 0,
    "updated": 1524823346
  },
  {
    "id": "f01ea6c5-df84-457e-9b4a-8799fa788349",
    "data": [
      {
        "text": "que haces",
        "userDefined": false
      }
    ],
    "isTemplate": false,
    "count": 0,
    "updated": 1524823346
  }
]