[
  {
    "id": "1aa34599-a805-4c57-9691-b2a675e16ef4",
    "data": [
      {
        "text": "¿Quíen eres?",
        "userDefined": false
      }
    ],
    "isTemplate": false,
    "count": 0,
    "updated": 1524823346
  },
  {
    "id": "e7c2f774-4be6-4fe1-81ee-e986b128323d",
    "data": [
      {
        "text": "quien eres?",
        "userDefined": false
      }
    ],
    "isTemplate": false,
    "count": 0,
    "updated": 1524823346
  },
  {
    "id": "b34bf118-63e9-46fe-8ec6-ff7883de8a2c",
    "data": [
      {
        "text": "¿Qué hace?",
        "userDefined": false
      }
    ],
    "isTemplate": false,
    "count": 0,
    "updated": 1524823346
  },
  {
    "id": "94b12eef-98d0-42c5-9791-cc2f6e2405c7",
    "data": [
      {
        "text": "que haces",
        "userDefined": false
      }
    ],
    "isTemplate": false,
    "count": 0,
    "updated": 1524823346
  }
]