[
  {
    "id": "f1190ef9-44e8-436e-80c0-aacaaddb9ed1",
    "data": [
      {
        "text": "fins després",
        "userDefined": false
      }
    ],
    "isTemplate": false,
    "count": 0,
    "updated": 1524826809
  },
  {
    "id": "34ee40f9-25d4-407f-8cfe-1d453bcffa4a",
    "data": [
      {
        "text": "ens veiem",
        "userDefined": false
      }
    ],
    "isTemplate": false,
    "count": 0,
    "updated": 1524826809
  },
  {
    "id": "4f81f4cb-682e-4557-8ad8-774804b26d81",
    "data": [
      {
        "text": "adeu",
        "userDefined": false
      }
    ],
    "isTemplate": false,
    "count": 0,
    "updated": 1524826809
  }
]