[
  {
    "id": "885438b1-2cd5-401e-8e32-fac665f11934",
    "data": [
      {
        "text": "bye",
        "userDefined": false
      }
    ],
    "isTemplate": false,
    "count": 0,
    "updated": 1524819749
  },
  {
    "id": "2102da4c-f195-4840-8769-4ef2360a8fa4",
    "data": [
      {
        "text": "chao bot",
        "userDefined": false
      }
    ],
    "isTemplate": false,
    "count": 0,
    "updated": 1524819749
  },
  {
    "id": "c6e149df-4105-47ce-88ac-8f1b0d22e38e",
    "data": [
      {
        "text": "nos vemos despues",
        "userDefined": false
      }
    ],
    "isTemplate": false,
    "count": 0,
    "updated": 1524819749
  },
  {
    "id": "e3ad6ba0-9192-463b-b5c4-1773947a3df2",
    "data": [
      {
        "text": "hasta luego",
        "userDefined": false
      }
    ],
    "isTemplate": false,
    "count": 0,
    "updated": 1524819749
  },
  {
    "id": "6ccfc655-487f-47f2-9656-f8d5a4312549",
    "data": [
      {
        "text": "Adios",
        "userDefined": false
      }
    ],
    "isTemplate": false,
    "count": 0,
    "updated": 1524819749
  }
]