[
  {
    "id": "30355d8a-ac5e-42f1-a6e9-5f771868e73b",
    "data": [
      {
        "text": "ens veiem després",
        "userDefined": false
      }
    ],
    "isTemplate": false,
    "count": 0,
    "updated": 1528211960
  },
  {
    "id": "7d823a6e-e1f6-4837-a722-662459c470c5",
    "data": [
      {
        "text": "bye",
        "userDefined": false
      }
    ],
    "isTemplate": false,
    "count": 0,
    "updated": 1528211960
  },
  {
    "id": "b9655904-daa0-496b-9aa5-ba8939de86c3",
    "data": [
      {
        "text": "chao bot",
        "userDefined": false
      }
    ],
    "isTemplate": false,
    "count": 0,
    "updated": 1528211960
  },
  {
    "id": "589d4bf0-47cc-4300-832a-685af4daf7b9",
    "data": [
      {
        "text": "nos vemos despues",
        "userDefined": false
      }
    ],
    "isTemplate": false,
    "count": 0,
    "updated": 1528211960
  },
  {
    "id": "e3f08066-d35e-439e-a208-d67eac46ddc3",
    "data": [
      {
        "text": "hasta luego",
        "userDefined": false
      }
    ],
    "isTemplate": false,
    "count": 0,
    "updated": 1528211960
  },
  {
    "id": "a0012c29-523f-4fde-80ee-7e1a35e96af9",
    "data": [
      {
        "text": "Adios",
        "userDefined": false
      }
    ],
    "isTemplate": false,
    "count": 0,
    "updated": 1524819749
  }
]