[
  {
    "id": "c8f1b3a4-53e0-48f3-b469-b566d8177a71",
    "data": [
      {
        "text": "Quin va ser el pagament d\u0027",
        "userDefined": false
      },
      {
        "text": "IVTM",
        "alias": "Tax",
        "meta": "@Tax",
        "userDefined": true
      },
      {
        "text": " en ",
        "userDefined": false
      },
      {
        "text": "Borbotó",
        "alias": "barrios",
        "meta": "@barrios",
        "userDefined": true
      },
      {
        "text": "?",
        "userDefined": false
      }
    ],
    "isTemplate": false,
    "count": 0,
    "updated": 1526299792
  },
  {
    "id": "f4076586-d371-42dc-b303-72b4418c2e19",
    "data": [
      {
        "text": "quin va ser el pagament en ",
        "userDefined": false
      },
      {
        "text": "IAE",
        "alias": "Tax",
        "meta": "@Tax",
        "userDefined": true
      },
      {
        "text": " en el barri la ",
        "userDefined": false
      },
      {
        "text": "petxina",
        "alias": "barrios",
        "meta": "@barrios",
        "userDefined": true
      }
    ],
    "isTemplate": false,
    "count": 0,
    "updated": 1526299792
  },
  {
    "id": "fcd58c3a-3dda-4079-9923-79d65373b25e",
    "data": [
      {
        "text": "quant es va pagar en ",
        "userDefined": false
      },
      {
        "text": "IVTNU",
        "alias": "Tax",
        "meta": "@Tax",
        "userDefined": true
      },
      {
        "text": " en el barri ",
        "userDefined": false
      },
      {
        "text": "del carme",
        "alias": "barrios",
        "meta": "@barrios",
        "userDefined": true
      },
      {
        "text": " el ",
        "userDefined": false
      },
      {
        "text": "2015",
        "alias": "Tax",
        "meta": "@Tax",
        "userDefined": true
      }
    ],
    "isTemplate": false,
    "count": 0,
    "updated": 1526299792
  },
  {
    "id": "248324ff-13c9-43cc-9802-c4db2417213f",
    "data": [
      {
        "text": "Quant es va pagar de ",
        "userDefined": false
      },
      {
        "text": "IBI",
        "alias": "Tax",
        "meta": "@Tax",
        "userDefined": true
      },
      {
        "text": " en ",
        "userDefined": false
      },
      {
        "text": "patraix",
        "alias": "barrios",
        "meta": "@barrios",
        "userDefined": true
      },
      {
        "text": "?",
        "userDefined": false
      }
    ],
    "isTemplate": false,
    "count": 0,
    "updated": 1526299792
  },
  {
    "id": "be3530d1-265e-489d-899e-824d8b74c3a3",
    "data": [
      {
        "text": "quant es va pagar en ",
        "userDefined": false
      },
      {
        "text": "impostos",
        "alias": "Tax",
        "meta": "@Tax",
        "userDefined": true
      },
      {
        "text": " en la ",
        "userDefined": false
      },
      {
        "text": "petxina",
        "alias": "barrios",
        "meta": "@barrios",
        "userDefined": true
      },
      {
        "text": "?",
        "userDefined": false
      }
    ],
    "isTemplate": false,
    "count": 0,
    "updated": 1526299792
  },
  {
    "id": "15cf822a-912d-4171-afb1-ec22247ad027",
    "data": [
      {
        "text": "Quina es la despesa en ",
        "userDefined": false
      },
      {
        "text": "impostos",
        "alias": "Tax",
        "meta": "@Tax",
        "userDefined": true
      },
      {
        "text": " de ",
        "userDefined": false
      },
      {
        "text": "Benimaclet",
        "alias": "barrios",
        "meta": "@barrios",
        "userDefined": true
      }
    ],
    "isTemplate": false,
    "count": 0,
    "updated": 1526299792
  },
  {
    "id": "b226199c-626b-40c3-aa58-4e62d374c35d",
    "data": [
      {
        "text": "Cuál fue el pago de ",
        "userDefined": false
      },
      {
        "text": "IVTM",
        "alias": "Tax",
        "meta": "@Tax",
        "userDefined": true
      },
      {
        "text": " en ",
        "userDefined": false
      },
      {
        "text": "beniferri",
        "alias": "barrios",
        "meta": "@barrios",
        "userDefined": true
      }
    ],
    "isTemplate": false,
    "count": 0,
    "updated": 1526299792
  },
  {
    "id": "bd229383-6be7-44ed-a30e-58609e5136fa",
    "data": [
      {
        "text": "Cuánto paga en ",
        "userDefined": false
      },
      {
        "text": "ibi",
        "alias": "Tax",
        "meta": "@Tax",
        "userDefined": true
      },
      {
        "text": " el barrio ",
        "userDefined": false
      },
      {
        "text": "San Antonio",
        "alias": "barrios",
        "meta": "@barrios",
        "userDefined": true
      },
      {
        "text": "?",
        "userDefined": false
      }
    ],
    "isTemplate": false,
    "count": 0,
    "updated": 1526299792
  },
  {
    "id": "14be29cb-1721-4d22-b2ec-45276c566d0c",
    "data": [
      {
        "text": "cuál fue el pago de ",
        "userDefined": false
      },
      {
        "text": "impuestos",
        "alias": "Tax",
        "meta": "@Tax",
        "userDefined": true
      },
      {
        "text": " en ",
        "userDefined": false
      },
      {
        "text": "tormos",
        "alias": "barrios",
        "meta": "@barrios",
        "userDefined": true
      },
      {
        "text": "?",
        "userDefined": false
      }
    ],
    "isTemplate": false,
    "count": 0,
    "updated": 1526299792
  },
  {
    "id": "9f299c0a-e61e-4491-8b56-dd0a8a33fb0d",
    "data": [
      {
        "text": "Cuál fue el pago de ",
        "userDefined": false
      },
      {
        "text": "ivtm",
        "alias": "Tax",
        "meta": "@Tax",
        "userDefined": true
      },
      {
        "text": " en ",
        "userDefined": false
      },
      {
        "text": "torrefiel",
        "alias": "barrios",
        "meta": "@barrios",
        "userDefined": true
      }
    ],
    "isTemplate": false,
    "count": 0,
    "updated": 1526299792
  },
  {
    "id": "b6b4b155-0dd9-49c0-93cc-f5dbcb2d1342",
    "data": [
      {
        "text": "iae",
        "alias": "Tax",
        "meta": "@Tax",
        "userDefined": true
      },
      {
        "text": " ",
        "userDefined": false
      },
      {
        "text": "petxina",
        "alias": "barrios",
        "meta": "@barrios",
        "userDefined": true
      },
      {
        "text": " ",
        "userDefined": false
      },
      {
        "text": "2015",
        "alias": "date-period",
        "meta": "@sys.date-period",
        "userDefined": true
      }
    ],
    "isTemplate": false,
    "count": 0,
    "updated": 1526299792
  },
  {
    "id": "354bb0f5-cb90-459c-af52-71a3e4d444b0",
    "data": [
      {
        "text": "ibi",
        "alias": "Tax",
        "meta": "@Tax",
        "userDefined": true
      },
      {
        "text": " ",
        "userDefined": false
      },
      {
        "text": "benimaclet",
        "alias": "barrios",
        "meta": "@barrios",
        "userDefined": true
      },
      {
        "text": " ",
        "userDefined": false
      },
      {
        "text": "2017",
        "alias": "date-period",
        "meta": "@sys.date-period",
        "userDefined": true
      }
    ],
    "isTemplate": false,
    "count": 0,
    "updated": 1526299792
  },
  {
    "id": "db10a26f-1047-4e9c-8681-1f21a9c72c31",
    "data": [
      {
        "text": "cuanto se pago en ",
        "userDefined": false
      },
      {
        "text": "impuesto",
        "alias": "Tax",
        "meta": "@Tax",
        "userDefined": true
      },
      {
        "text": " en ",
        "userDefined": false
      },
      {
        "text": "benifaraig",
        "alias": "barrios",
        "meta": "@barrios",
        "userDefined": true
      }
    ],
    "isTemplate": false,
    "count": 0,
    "updated": 1526299792
  },
  {
    "id": "cbdd2f07-40c3-412a-b0ad-e9f9f60de9fc",
    "data": [
      {
        "text": "Cuánto se pagó en ",
        "userDefined": false
      },
      {
        "text": "impuestos",
        "alias": "Tax",
        "meta": "@Tax",
        "userDefined": true
      },
      {
        "text": " en ",
        "userDefined": false
      },
      {
        "text": "borboto",
        "alias": "barrios",
        "meta": "@barrios",
        "userDefined": true
      },
      {
        "text": "?",
        "userDefined": false
      }
    ],
    "isTemplate": false,
    "count": 0,
    "updated": 1526299792
  },
  {
    "id": "700cb4f5-541a-47d9-af31-483e5c82fa08",
    "data": [
      {
        "text": "cuanto paga en ",
        "userDefined": false
      },
      {
        "text": "impuesto",
        "alias": "Tax",
        "meta": "@Tax",
        "userDefined": true
      },
      {
        "text": " ",
        "userDefined": false
      },
      {
        "text": "benimaclet",
        "alias": "barrios",
        "meta": "@barrios",
        "userDefined": true
      },
      {
        "text": "?",
        "userDefined": false
      }
    ],
    "isTemplate": false,
    "count": 0,
    "updated": 1526299792
  },
  {
    "id": "e8a8e912-c000-4485-9fed-2fb71168b628",
    "data": [
      {
        "text": "Cuánto paga en impuestos ",
        "userDefined": false
      },
      {
        "text": "masarrojos",
        "alias": "barrios",
        "meta": "@barrios",
        "userDefined": true
      }
    ],
    "isTemplate": false,
    "count": 0,
    "updated": 1526299792
  },
  {
    "id": "df18b62d-a687-4527-9161-434d37d3ffa9",
    "data": [
      {
        "text": "impuesto",
        "alias": "Tax",
        "meta": "@Tax",
        "userDefined": true
      },
      {
        "text": " ",
        "userDefined": false
      },
      {
        "text": "mahuella",
        "alias": "barrios",
        "meta": "@barrios",
        "userDefined": false
      }
    ],
    "isTemplate": false,
    "count": 0,
    "updated": 1526299792
  },
  {
    "id": "6b609b69-788d-4de5-ab68-42cf361172ed",
    "data": [
      {
        "text": "cual fue el pago en ",
        "userDefined": false
      },
      {
        "text": "IAE",
        "alias": "Tax",
        "meta": "@Tax",
        "userDefined": true
      },
      {
        "text": " en el barrio la ",
        "userDefined": false
      },
      {
        "text": "petxina",
        "alias": "barrios",
        "meta": "@barrios",
        "userDefined": true
      }
    ],
    "isTemplate": false,
    "count": 0,
    "updated": 1526299792
  },
  {
    "id": "39e16081-2546-41cc-a2db-3d47f1861e8f",
    "data": [
      {
        "text": "cuanto se pago en ",
        "userDefined": false
      },
      {
        "text": "IVTNU",
        "alias": "Tax",
        "meta": "@Tax",
        "userDefined": true
      },
      {
        "text": " en el barrio del ",
        "userDefined": false
      },
      {
        "text": "carmen",
        "alias": "barrios",
        "meta": "@barrios",
        "userDefined": true
      },
      {
        "text": " ",
        "userDefined": false
      },
      {
        "text": "2015",
        "alias": "date-period",
        "meta": "@sys.date-period",
        "userDefined": false
      }
    ],
    "isTemplate": false,
    "count": 0,
    "updated": 1526299792
  },
  {
    "id": "dbc4f5d5-cfb4-478c-953f-ff714a311674",
    "data": [
      {
        "text": "¿cuánto fue el pago de ",
        "userDefined": false
      },
      {
        "text": "IBI",
        "alias": "Tax",
        "meta": "@Tax",
        "userDefined": true
      },
      {
        "text": " en ",
        "userDefined": false
      },
      {
        "text": "patraix",
        "alias": "barrios",
        "meta": "@barrios",
        "userDefined": true
      },
      {
        "text": "?",
        "userDefined": false
      }
    ],
    "isTemplate": false,
    "count": 0,
    "updated": 1526299792
  },
  {
    "id": "0f100a76-6760-495a-8c0e-63aea2a1b19d",
    "data": [
      {
        "text": "¿cuánto se pago en ",
        "userDefined": false
      },
      {
        "text": "impuesto",
        "alias": "Tax",
        "meta": "@Tax",
        "userDefined": true
      },
      {
        "text": " en la ",
        "userDefined": false
      },
      {
        "text": "petxina",
        "alias": "barrios",
        "meta": "@barrios",
        "userDefined": true
      },
      {
        "text": "?",
        "userDefined": false
      }
    ],
    "isTemplate": false,
    "count": 0,
    "updated": 1526299792
  },
  {
    "id": "5209254d-e2a2-4c2b-a5e6-00711a10cbf9",
    "data": [
      {
        "text": "cuanto gasto en ",
        "userDefined": false
      },
      {
        "text": "impuesto",
        "alias": "Tax",
        "meta": "@Tax",
        "userDefined": true
      },
      {
        "text": " ",
        "userDefined": false
      },
      {
        "text": "benimaclet",
        "alias": "barrios",
        "meta": "@barrios",
        "userDefined": true
      }
    ],
    "isTemplate": false,
    "count": 0,
    "updated": 1526299792
  }
]