[
  {
    "id": "e1afbc48-657e-4906-8a28-ebc1d16826ae",
    "data": [
      {
        "text": "sant antoni",
        "alias": "barrios",
        "meta": "@barrios",
        "userDefined": false
      }
    ],
    "isTemplate": false,
    "count": 0,
    "updated": 1528284153
  },
  {
    "id": "01333cad-6eab-4606-be52-1b13fb3424a5",
    "data": [
      {
        "text": "masarrojos",
        "alias": "barrios",
        "meta": "@barrios",
        "userDefined": false
      }
    ],
    "isTemplate": false,
    "count": 0,
    "updated": 1528284153
  },
  {
    "id": "43ee889c-67d8-4f42-b902-cc5b6b083e70",
    "data": [
      {
        "text": "benimaclet",
        "alias": "barrios",
        "meta": "@barrios",
        "userDefined": false
      }
    ],
    "isTemplate": false,
    "count": 0,
    "updated": 1528284153
  },
  {
    "id": "8901506f-02ad-46e4-a854-0f4464b14b07",
    "data": [
      {
        "text": "petxina",
        "alias": "barrios",
        "meta": "@barrios",
        "userDefined": false
      }
    ],
    "isTemplate": false,
    "count": 0,
    "updated": 1528284153
  }
]