[
  {
    "id": "59d51c98-7542-44a2-b456-f38fb3fa99f3",
    "data": [
      {
        "text": "Quin va ser el pagament d\u0027",
        "userDefined": false
      },
      {
        "text": "IVTM",
        "alias": "Tax",
        "meta": "@Tax",
        "userDefined": true
      },
      {
        "text": " en ",
        "userDefined": false
      },
      {
        "text": "Borbotó",
        "alias": "barrios",
        "meta": "@barrios",
        "userDefined": true
      },
      {
        "text": "?",
        "userDefined": false
      }
    ],
    "isTemplate": false,
    "count": 0,
    "updated": 1526299792
  },
  {
    "id": "04df352d-5952-4490-ae26-dd03a01ce196",
    "data": [
      {
        "text": "quin va ser el pagament en ",
        "userDefined": false
      },
      {
        "text": "IAE",
        "alias": "Tax",
        "meta": "@Tax",
        "userDefined": true
      },
      {
        "text": " en el barri la ",
        "userDefined": false
      },
      {
        "text": "petxina",
        "alias": "barrios",
        "meta": "@barrios",
        "userDefined": true
      }
    ],
    "isTemplate": false,
    "count": 0,
    "updated": 1526299792
  },
  {
    "id": "d3c990ca-8a36-4ed8-97fc-ddd28477f4f4",
    "data": [
      {
        "text": "quant es va pagar en ",
        "userDefined": false
      },
      {
        "text": "IVTNU",
        "alias": "Tax",
        "meta": "@Tax",
        "userDefined": true
      },
      {
        "text": " en el barri ",
        "userDefined": false
      },
      {
        "text": "del carme",
        "alias": "barrios",
        "meta": "@barrios",
        "userDefined": true
      },
      {
        "text": " el ",
        "userDefined": false
      },
      {
        "text": "2015",
        "alias": "Tax",
        "meta": "@Tax",
        "userDefined": true
      }
    ],
    "isTemplate": false,
    "count": 0,
    "updated": 1526299792
  },
  {
    "id": "653fee96-32f1-4d88-8e89-e1dea35bdac8",
    "data": [
      {
        "text": "Quant es va pagar de ",
        "userDefined": false
      },
      {
        "text": "IBI",
        "alias": "Tax",
        "meta": "@Tax",
        "userDefined": true
      },
      {
        "text": " en ",
        "userDefined": false
      },
      {
        "text": "patraix",
        "alias": "barrios",
        "meta": "@barrios",
        "userDefined": true
      },
      {
        "text": "?",
        "userDefined": false
      }
    ],
    "isTemplate": false,
    "count": 0,
    "updated": 1526299792
  },
  {
    "id": "c6013859-5f31-4436-91a7-e606d4e9bbf5",
    "data": [
      {
        "text": "quant es va pagar en ",
        "userDefined": false
      },
      {
        "text": "impostos",
        "alias": "Tax",
        "meta": "@Tax",
        "userDefined": true
      },
      {
        "text": " en la ",
        "userDefined": false
      },
      {
        "text": "petxina",
        "alias": "barrios",
        "meta": "@barrios",
        "userDefined": true
      },
      {
        "text": "?",
        "userDefined": false
      }
    ],
    "isTemplate": false,
    "count": 0,
    "updated": 1526299792
  },
  {
    "id": "b802ee66-ff97-4e87-b407-3ee250e85dbb",
    "data": [
      {
        "text": "Quina es la despesa en ",
        "userDefined": false
      },
      {
        "text": "impostos",
        "alias": "Tax",
        "meta": "@Tax",
        "userDefined": true
      },
      {
        "text": " de ",
        "userDefined": false
      },
      {
        "text": "Benimaclet",
        "alias": "barrios",
        "meta": "@barrios",
        "userDefined": true
      }
    ],
    "isTemplate": false,
    "count": 0,
    "updated": 1526299792
  },
  {
    "id": "7220b514-3d58-49f1-b5ad-f6f2171b9c68",
    "data": [
      {
        "text": "Cuál fue el pago de ",
        "userDefined": false
      },
      {
        "text": "IVTM",
        "alias": "Tax",
        "meta": "@Tax",
        "userDefined": true
      },
      {
        "text": " en ",
        "userDefined": false
      },
      {
        "text": "beniferri",
        "alias": "barrios",
        "meta": "@barrios",
        "userDefined": true
      }
    ],
    "isTemplate": false,
    "count": 0,
    "updated": 1526299792
  },
  {
    "id": "e70fb4f2-dabb-4f2d-9212-f09961cedeca",
    "data": [
      {
        "text": "Cuánto paga en ",
        "userDefined": false
      },
      {
        "text": "ibi",
        "alias": "Tax",
        "meta": "@Tax",
        "userDefined": true
      },
      {
        "text": " el barrio ",
        "userDefined": false
      },
      {
        "text": "San Antonio",
        "alias": "barrios",
        "meta": "@barrios",
        "userDefined": true
      },
      {
        "text": "?",
        "userDefined": false
      }
    ],
    "isTemplate": false,
    "count": 0,
    "updated": 1526299792
  },
  {
    "id": "aaae1f38-9f10-4d2d-b860-2ac4ed6cdfdc",
    "data": [
      {
        "text": "cuál fue el pago de ",
        "userDefined": false
      },
      {
        "text": "impuestos",
        "alias": "Tax",
        "meta": "@Tax",
        "userDefined": true
      },
      {
        "text": " en ",
        "userDefined": false
      },
      {
        "text": "tormos",
        "alias": "barrios",
        "meta": "@barrios",
        "userDefined": true
      },
      {
        "text": "?",
        "userDefined": false
      }
    ],
    "isTemplate": false,
    "count": 0,
    "updated": 1526299792
  },
  {
    "id": "4f2b4adc-9768-47a9-8903-b474b0181527",
    "data": [
      {
        "text": "Cuál fue el pago de ",
        "userDefined": false
      },
      {
        "text": "ivtm",
        "alias": "Tax",
        "meta": "@Tax",
        "userDefined": true
      },
      {
        "text": " en ",
        "userDefined": false
      },
      {
        "text": "torrefiel",
        "alias": "barrios",
        "meta": "@barrios",
        "userDefined": true
      }
    ],
    "isTemplate": false,
    "count": 0,
    "updated": 1526299792
  },
  {
    "id": "0704eea0-29d7-47e1-a254-ce0df480107b",
    "data": [
      {
        "text": "iae",
        "alias": "Tax",
        "meta": "@Tax",
        "userDefined": true
      },
      {
        "text": " ",
        "userDefined": false
      },
      {
        "text": "petxina",
        "alias": "barrios",
        "meta": "@barrios",
        "userDefined": true
      },
      {
        "text": " ",
        "userDefined": false
      },
      {
        "text": "2015",
        "alias": "date-period",
        "meta": "@sys.date-period",
        "userDefined": true
      }
    ],
    "isTemplate": false,
    "count": 0,
    "updated": 1526299792
  },
  {
    "id": "a0338e45-1b08-4c6d-a386-995dfc9578ab",
    "data": [
      {
        "text": "ibi",
        "alias": "Tax",
        "meta": "@Tax",
        "userDefined": true
      },
      {
        "text": " ",
        "userDefined": false
      },
      {
        "text": "benimaclet",
        "alias": "barrios",
        "meta": "@barrios",
        "userDefined": true
      },
      {
        "text": " ",
        "userDefined": false
      },
      {
        "text": "2017",
        "alias": "date-period",
        "meta": "@sys.date-period",
        "userDefined": true
      }
    ],
    "isTemplate": false,
    "count": 0,
    "updated": 1526299792
  },
  {
    "id": "7bfcaa7b-5683-49d0-8ace-2baefed02a86",
    "data": [
      {
        "text": "cuanto se pago en ",
        "userDefined": false
      },
      {
        "text": "impuesto",
        "alias": "Tax",
        "meta": "@Tax",
        "userDefined": true
      },
      {
        "text": " en ",
        "userDefined": false
      },
      {
        "text": "benifaraig",
        "alias": "barrios",
        "meta": "@barrios",
        "userDefined": true
      }
    ],
    "isTemplate": false,
    "count": 0,
    "updated": 1526299792
  },
  {
    "id": "b745a28e-fb0c-4a57-ad73-6ef6ede8109d",
    "data": [
      {
        "text": "Cuánto se pagó en ",
        "userDefined": false
      },
      {
        "text": "impuestos",
        "alias": "Tax",
        "meta": "@Tax",
        "userDefined": true
      },
      {
        "text": " en ",
        "userDefined": false
      },
      {
        "text": "borboto",
        "alias": "barrios",
        "meta": "@barrios",
        "userDefined": true
      },
      {
        "text": "?",
        "userDefined": false
      }
    ],
    "isTemplate": false,
    "count": 0,
    "updated": 1526299792
  },
  {
    "id": "214dcaed-162c-45c3-bfa4-bb1e293a34b7",
    "data": [
      {
        "text": "cuanto paga en ",
        "userDefined": false
      },
      {
        "text": "impuesto",
        "alias": "Tax",
        "meta": "@Tax",
        "userDefined": true
      },
      {
        "text": " ",
        "userDefined": false
      },
      {
        "text": "benimaclet",
        "alias": "barrios",
        "meta": "@barrios",
        "userDefined": true
      },
      {
        "text": "?",
        "userDefined": false
      }
    ],
    "isTemplate": false,
    "count": 0,
    "updated": 1526299792
  },
  {
    "id": "524abcae-2bf3-4184-ba18-ffe65638fe4a",
    "data": [
      {
        "text": "Cuánto paga en impuestos ",
        "userDefined": false
      },
      {
        "text": "masarrojos",
        "alias": "barrios",
        "meta": "@barrios",
        "userDefined": true
      }
    ],
    "isTemplate": false,
    "count": 0,
    "updated": 1526299792
  },
  {
    "id": "3fa55b75-2936-4cd7-ad02-587fafb81d96",
    "data": [
      {
        "text": "impuesto",
        "alias": "Tax",
        "meta": "@Tax",
        "userDefined": true
      },
      {
        "text": " ",
        "userDefined": false
      },
      {
        "text": "mahuella",
        "alias": "barrios",
        "meta": "@barrios",
        "userDefined": false
      }
    ],
    "isTemplate": false,
    "count": 0,
    "updated": 1526299792
  },
  {
    "id": "dffd2904-95ca-4fd0-a633-cc884025ede1",
    "data": [
      {
        "text": "cual fue el pago en ",
        "userDefined": false
      },
      {
        "text": "IAE",
        "alias": "Tax",
        "meta": "@Tax",
        "userDefined": true
      },
      {
        "text": " en el barrio la ",
        "userDefined": false
      },
      {
        "text": "petxina",
        "alias": "barrios",
        "meta": "@barrios",
        "userDefined": true
      }
    ],
    "isTemplate": false,
    "count": 0,
    "updated": 1526299792
  },
  {
    "id": "fc4df1b3-7849-4139-a2a9-d81e2a48a611",
    "data": [
      {
        "text": "cuanto se pago en ",
        "userDefined": false
      },
      {
        "text": "IVTNU",
        "alias": "Tax",
        "meta": "@Tax",
        "userDefined": true
      },
      {
        "text": " en el barrio del ",
        "userDefined": false
      },
      {
        "text": "carmen",
        "alias": "barrios",
        "meta": "@barrios",
        "userDefined": true
      },
      {
        "text": " ",
        "userDefined": false
      },
      {
        "text": "2015",
        "alias": "date-period",
        "meta": "@sys.date-period",
        "userDefined": false
      }
    ],
    "isTemplate": false,
    "count": 0,
    "updated": 1526299792
  },
  {
    "id": "27d7c6b6-0360-4a78-884d-040a005fda26",
    "data": [
      {
        "text": "¿cuánto fue el pago de ",
        "userDefined": false
      },
      {
        "text": "IBI",
        "alias": "Tax",
        "meta": "@Tax",
        "userDefined": true
      },
      {
        "text": " en ",
        "userDefined": false
      },
      {
        "text": "patraix",
        "alias": "barrios",
        "meta": "@barrios",
        "userDefined": true
      },
      {
        "text": "?",
        "userDefined": false
      }
    ],
    "isTemplate": false,
    "count": 0,
    "updated": 1526299792
  },
  {
    "id": "35497f23-61d5-45e9-a2ca-92d6337f9b5b",
    "data": [
      {
        "text": "¿cuánto se pago en ",
        "userDefined": false
      },
      {
        "text": "impuesto",
        "alias": "Tax",
        "meta": "@Tax",
        "userDefined": true
      },
      {
        "text": " en la ",
        "userDefined": false
      },
      {
        "text": "petxina",
        "alias": "barrios",
        "meta": "@barrios",
        "userDefined": true
      },
      {
        "text": "?",
        "userDefined": false
      }
    ],
    "isTemplate": false,
    "count": 0,
    "updated": 1526299792
  },
  {
    "id": "aeca0472-40ac-45ae-b901-4809cb7ad5cd",
    "data": [
      {
        "text": "cuanto gasto en ",
        "userDefined": false
      },
      {
        "text": "impuesto",
        "alias": "Tax",
        "meta": "@Tax",
        "userDefined": true
      },
      {
        "text": " ",
        "userDefined": false
      },
      {
        "text": "benimaclet",
        "alias": "barrios",
        "meta": "@barrios",
        "userDefined": true
      }
    ],
    "isTemplate": false,
    "count": 0,
    "updated": 1526299792
  }
]