[
  {
    "id": "05eccbc9-59a3-46c3-89df-faba9e171e59",
    "data": [
      {
        "text": "quiero saber los gastos de programas en valencia del 2014",
        "userDefined": false
      }
    ],
    "isTemplate": false,
    "count": 0,
    "updated": 1529579025
  },
  {
    "id": "071042b3-eada-4593-bfe4-6a37d5c0c467",
    "data": [
      {
        "text": "Necesito los programas del ",
        "userDefined": false
      },
      {
        "text": "2015",
        "alias": "date-period",
        "meta": "@sys.date-period",
        "userDefined": false
      }
    ],
    "isTemplate": false,
    "count": 0,
    "updated": 1529579025
  },
  {
    "id": "3c38defa-286c-440a-9080-cceb85491f78",
    "data": [
      {
        "text": "¿Cuáles son los programas del ",
        "userDefined": false
      },
      {
        "text": "2016",
        "alias": "date-period",
        "meta": "@sys.date-period",
        "userDefined": false
      },
      {
        "text": "?",
        "userDefined": false
      }
    ],
    "isTemplate": false,
    "count": 0,
    "updated": 1529579025
  },
  {
    "id": "70d625ca-979c-4f94-abe2-e35737106987",
    "data": [
      {
        "text": "Puedes darme los programas de ",
        "userDefined": false
      },
      {
        "text": "Valencia",
        "alias": "geo-city",
        "meta": "@sys.geo-city",
        "userDefined": false
      },
      {
        "text": " ",
        "userDefined": false
      },
      {
        "text": "2017",
        "alias": "date-period",
        "meta": "@sys.date-period",
        "userDefined": false
      },
      {
        "text": "?",
        "userDefined": false
      }
    ],
    "isTemplate": false,
    "count": 0,
    "updated": 1529577577
  },
  {
    "id": "004d7f3c-7154-4753-b69e-de48586e939a",
    "data": [
      {
        "text": "gastos en programas ",
        "userDefined": false
      },
      {
        "text": "2018",
        "alias": "date-period",
        "meta": "@sys.date-period",
        "userDefined": false
      }
    ],
    "isTemplate": false,
    "count": 0,
    "updated": 1529577577
  },
  {
    "id": "d1a09ef2-eea5-4098-b2cf-8ccf08c7039e",
    "data": [
      {
        "text": "programas",
        "userDefined": false
      }
    ],
    "isTemplate": false,
    "count": 0,
    "updated": 1529577577
  },
  {
    "id": "68e1b238-66d5-4b93-bc92-8c8a98771be8",
    "data": [
      {
        "text": "dame los programas ",
        "userDefined": false
      },
      {
        "text": "del 2011",
        "alias": "date-period",
        "meta": "@sys.date-period",
        "userDefined": true
      }
    ],
    "isTemplate": false,
    "count": 0,
    "updated": 1529577577
  }
]