[
  {
    "id": "fe92e722-eb31-4ed1-9d7f-0c3146acf731",
    "data": [
      {
        "text": "dóna\u0027m la mensualitat de ",
        "userDefined": false
      },
      {
        "text": "Neus",
        "alias": "nombre",
        "meta": "@nombre",
        "userDefined": false
      }
    ],
    "isTemplate": false,
    "count": 0,
    "updated": 1526033696
  },
  {
    "id": "0633fc99-568c-4fbf-be5f-0be05ab824de",
    "data": [
      {
        "text": "quin és el salari de ",
        "userDefined": false
      },
      {
        "text": "Sergi Campillo",
        "alias": "nombre",
        "meta": "@nombre",
        "userDefined": false
      }
    ],
    "isTemplate": false,
    "count": 0,
    "updated": 1526033696
  },
  {
    "id": "006c32b4-b129-47bf-bcf9-6cee821d8a65",
    "data": [
      {
        "text": "Quant guanya ",
        "userDefined": false
      },
      {
        "text": "Sergi",
        "alias": "nombre",
        "meta": "@nombre",
        "userDefined": false
      },
      {
        "text": "?",
        "userDefined": false
      }
    ],
    "isTemplate": false,
    "count": 0,
    "updated": 1526033696
  },
  {
    "id": "6a1be053-4383-4837-9211-f6f1a37e2b44",
    "data": [
      {
        "text": "vull saber el salari de ",
        "userDefined": false
      },
      {
        "text": "Neus Fàbregas",
        "alias": "nombre",
        "meta": "@nombre",
        "userDefined": true
      }
    ],
    "isTemplate": false,
    "count": 0,
    "updated": 1526033696
  },
  {
    "id": "995203f3-5222-443c-90b2-1992d51ed659",
    "data": [
      {
        "text": "dis-me com ",
        "userDefined": false
      },
      {
        "text": "més",
        "meta": "@sys.ignore",
        "userDefined": false
      },
      {
        "text": " cobra ",
        "userDefined": false
      },
      {
        "text": "Giuseppe Grezzi",
        "alias": "nombre",
        "meta": "@nombre",
        "userDefined": false
      }
    ],
    "isTemplate": false,
    "count": 0,
    "updated": 1526033696
  },
  {
    "id": "1d743f11-fc4d-43e6-9549-caee4bcd7c4e",
    "data": [
      {
        "text": "salari de ",
        "userDefined": false
      },
      {
        "text": "Vicente Manuel",
        "alias": "nombre",
        "meta": "@nombre",
        "userDefined": true
      }
    ],
    "isTemplate": false,
    "count": 0,
    "updated": 1526033696
  },
  {
    "id": "c1ccef6e-1159-4e55-bc29-a5f6a6ce1ba2",
    "data": [
      {
        "text": "dóna\u0027m el salari de ",
        "userDefined": false
      },
      {
        "text": "Giuseppe",
        "alias": "nombre",
        "meta": "@nombre",
        "userDefined": false
      }
    ],
    "isTemplate": false,
    "count": 0,
    "updated": 1526033696
  },
  {
    "id": "86fde753-8974-40d9-8ce6-dbab4871bd01",
    "data": [
      {
        "text": "Quant cobra ",
        "userDefined": false
      },
      {
        "text": "Sandra",
        "alias": "nombre",
        "meta": "@nombre",
        "userDefined": false
      },
      {
        "text": "?",
        "userDefined": false
      }
    ],
    "isTemplate": false,
    "count": 0,
    "updated": 1526033696
  },
  {
    "id": "3b497bd6-cb20-4566-bfa8-3db88e9a37e2",
    "data": [
      {
        "text": "Quin és el salari de ",
        "userDefined": false
      },
      {
        "text": "Consol Castillo",
        "alias": "nombre",
        "meta": "@nombre",
        "userDefined": false
      },
      {
        "text": " Plaça",
        "userDefined": false
      }
    ],
    "isTemplate": false,
    "count": 0,
    "updated": 1526033696
  },
  {
    "id": "125922f2-6095-41d8-86bd-a20d80f0534e",
    "data": [
      {
        "text": "Mensualitat de ",
        "userDefined": false
      },
      {
        "text": "Tinent d\u0027Alcalde",
        "alias": "cargo",
        "meta": "@cargo",
        "userDefined": false
      }
    ],
    "isTemplate": false,
    "count": 0,
    "updated": 1526033696
  },
  {
    "id": "2a5f6561-da17-4a4e-855d-90da56059da3",
    "data": [
      {
        "text": "salari ",
        "userDefined": false
      },
      {
        "text": "regidor",
        "alias": "cargo",
        "meta": "@cargo",
        "userDefined": false
      }
    ],
    "isTemplate": false,
    "count": 0,
    "updated": 1526033696
  },
  {
    "id": "d311b81c-afa7-4fcf-9361-fbf2b0355bce",
    "data": [
      {
        "text": "dóna\u0027m el salari d\u0027",
        "userDefined": false
      },
      {
        "text": "una",
        "meta": "@sys.ignore",
        "userDefined": false
      },
      {
        "text": " ",
        "userDefined": false
      },
      {
        "text": "regidora",
        "alias": "cargo",
        "meta": "@cargo",
        "userDefined": false
      }
    ],
    "isTemplate": false,
    "count": 0,
    "updated": 1526033696
  },
  {
    "id": "2d494865-e5e6-415c-8f1c-764135643f89",
    "data": [
      {
        "text": "vull la mensualitat d\u0027",
        "userDefined": false
      },
      {
        "text": "un",
        "meta": "@sys.ignore",
        "userDefined": false
      },
      {
        "text": " ",
        "userDefined": false
      },
      {
        "text": "Tinent d\u0027Alcalde",
        "alias": "cargo",
        "meta": "@cargo",
        "userDefined": false
      }
    ],
    "isTemplate": false,
    "count": 0,
    "updated": 1526033696
  },
  {
    "id": "c7b24d69-986e-48a5-9f9d-26a80c6f32f7",
    "data": [
      {
        "text": "Dóna\u0027m el sou d\u0027",
        "userDefined": false
      },
      {
        "text": "un",
        "meta": "@sys.ignore",
        "userDefined": false
      },
      {
        "text": " regidor",
        "userDefined": false
      }
    ],
    "isTemplate": false,
    "count": 0,
    "updated": 1526033137
  },
  {
    "id": "305a5af4-d28c-40df-9488-68ff09801807",
    "data": [
      {
        "text": "Dame el sueldo de un ",
        "userDefined": false
      },
      {
        "text": "Concejal",
        "alias": "cargo",
        "meta": "@cargo",
        "userDefined": true
      }
    ],
    "isTemplate": false,
    "count": 0,
    "updated": 1526033137
  },
  {
    "id": "ddc1cbf0-460c-4f7a-9885-abc11ca8bbdd",
    "data": [
      {
        "text": "quiero la mensualidad ",
        "userDefined": false
      },
      {
        "text": "de un",
        "meta": "@sys.ignore",
        "userDefined": false
      },
      {
        "text": " ",
        "userDefined": false
      },
      {
        "text": "Teniente de Alcalde",
        "alias": "cargo",
        "meta": "@cargo",
        "userDefined": false
      }
    ],
    "isTemplate": false,
    "count": 0,
    "updated": 1526033137
  },
  {
    "id": "89d8ad32-3741-4458-8ebc-4224ef8aacbb",
    "data": [
      {
        "text": "dame el salario de una ",
        "userDefined": false
      },
      {
        "text": "concejala",
        "alias": "cargo",
        "meta": "@cargo",
        "userDefined": true
      }
    ],
    "isTemplate": false,
    "count": 0,
    "updated": 1526033137
  },
  {
    "id": "e5bb9ea9-066a-4630-a2c4-6918629426a0",
    "data": [
      {
        "text": "salario ",
        "userDefined": false
      },
      {
        "text": "concejal",
        "alias": "cargo",
        "meta": "@cargo",
        "userDefined": false
      }
    ],
    "isTemplate": false,
    "count": 0,
    "updated": 1526033137
  },
  {
    "id": "65164f86-5ad0-43fa-8b78-d3ad4106bc23",
    "data": [
      {
        "text": "Mensualidad de  ",
        "userDefined": false
      },
      {
        "text": "Teniente de Alcalde",
        "alias": "cargo",
        "meta": "@cargo",
        "userDefined": false
      }
    ],
    "isTemplate": false,
    "count": 0,
    "updated": 1526033137
  },
  {
    "id": "d5113102-1127-4bec-9cb9-bbb825dda516",
    "data": [
      {
        "text": "Cuál es el salario de  ",
        "userDefined": false
      },
      {
        "text": "Consol Castillo Plaza",
        "alias": "nombre",
        "meta": "@nombre",
        "userDefined": true
      },
      {
        "text": "?",
        "userDefined": false
      }
    ],
    "isTemplate": false,
    "count": 0,
    "updated": 1526033137
  },
  {
    "id": "c93f5081-8b4b-4859-b067-aa15afbc9023",
    "data": [
      {
        "text": "cuanto cobra ",
        "userDefined": false
      },
      {
        "text": "Sandra",
        "alias": "nombre",
        "meta": "@nombre",
        "userDefined": true
      },
      {
        "text": "?",
        "userDefined": false
      }
    ],
    "isTemplate": false,
    "count": 0,
    "updated": 1526033137
  },
  {
    "id": "d7b5bf72-eee0-4ca2-bb64-ac792bd4169a",
    "data": [
      {
        "text": "dame el salario de  ",
        "userDefined": false
      },
      {
        "text": "Giuseppe",
        "alias": "nombre",
        "meta": "@nombre",
        "userDefined": true
      }
    ],
    "isTemplate": false,
    "count": 0,
    "updated": 1526033137
  },
  {
    "id": "017019af-2efd-475f-a552-6ac666d9e007",
    "data": [
      {
        "text": "salario de ",
        "userDefined": false
      },
      {
        "text": "Vicent Manuel",
        "alias": "nombre",
        "meta": "@nombre",
        "userDefined": true
      }
    ],
    "isTemplate": false,
    "count": 0,
    "updated": 1526033137
  },
  {
    "id": "1216afc6-b7f8-44a6-81b6-0b39c4e8cbf0",
    "data": [
      {
        "text": "dime cuanto cobra ",
        "userDefined": false
      },
      {
        "text": "Giuseppe Grezzi",
        "alias": "nombre",
        "meta": "@nombre",
        "userDefined": true
      }
    ],
    "isTemplate": false,
    "count": 0,
    "updated": 1525257227
  },
  {
    "id": "cde55dd0-4fd3-4aed-87d2-464d06950de9",
    "data": [
      {
        "text": "cuanto cobra ",
        "userDefined": false
      },
      {
        "text": "Vicent",
        "alias": "nombre",
        "meta": "@nombre",
        "userDefined": true
      }
    ],
    "isTemplate": false,
    "count": 0,
    "updated": 1525257227
  },
  {
    "id": "06d71d1c-6f7a-4dbd-827c-9dfff0633505",
    "data": [
      {
        "text": "quiero el salario de ",
        "userDefined": false
      },
      {
        "text": "Neus Fábregas Santana",
        "alias": "nombre",
        "meta": "@nombre",
        "userDefined": true
      }
    ],
    "isTemplate": false,
    "count": 0,
    "updated": 1525257227
  },
  {
    "id": "aa691350-a4dc-4015-b0b3-1b6fe904ad97",
    "data": [
      {
        "text": "quiero saber el salario de ",
        "userDefined": false
      },
      {
        "text": "Neus Fábregas",
        "alias": "nombre",
        "meta": "@nombre",
        "userDefined": true
      }
    ],
    "isTemplate": false,
    "count": 0,
    "updated": 1525257227
  },
  {
    "id": "b835ca42-e0aa-4b27-b531-289ef3ab9825",
    "data": [
      {
        "text": "cuánto gana ",
        "userDefined": false
      },
      {
        "text": "Sergi",
        "alias": "nombre",
        "meta": "@nombre",
        "userDefined": true
      },
      {
        "text": "?",
        "userDefined": false
      }
    ],
    "isTemplate": false,
    "count": 0,
    "updated": 1525257227
  },
  {
    "id": "9fa74560-fa35-47c0-b14f-c717133a822b",
    "data": [
      {
        "text": "cual es el salario de ",
        "userDefined": false
      },
      {
        "text": "Sergi Campillo",
        "alias": "nombre",
        "meta": "@nombre",
        "userDefined": true
      }
    ],
    "isTemplate": false,
    "count": 0,
    "updated": 1525257227
  },
  {
    "id": "883a9136-26a9-456e-a5cd-889c7ae24a98",
    "data": [
      {
        "text": "¿Cuál es el salario de  ",
        "userDefined": false
      },
      {
        "text": "Anaïs",
        "alias": "nombre",
        "meta": "@nombre",
        "userDefined": true
      },
      {
        "text": " ?",
        "userDefined": false
      }
    ],
    "isTemplate": false,
    "count": 0,
    "updated": 1525257227
  },
  {
    "id": "57630a43-8549-4749-9dd7-165b0921f382",
    "data": [
      {
        "text": "¿cuánto cobra ",
        "userDefined": false
      },
      {
        "text": "María Oliver",
        "alias": "nombre",
        "meta": "@nombre",
        "userDefined": true
      },
      {
        "text": "?",
        "userDefined": false
      }
    ],
    "isTemplate": false,
    "count": 0,
    "updated": 1525257227
  },
  {
    "id": "4206dff5-5fcf-415e-b14b-bf3c79c75893",
    "data": [
      {
        "text": "¿cuánto gana ",
        "userDefined": false
      },
      {
        "text": "María Oliver Sanz",
        "alias": "nombre",
        "meta": "@nombre",
        "userDefined": true
      },
      {
        "text": "?",
        "userDefined": false
      }
    ],
    "isTemplate": false,
    "count": 0,
    "updated": 1525257227
  },
  {
    "id": "cc007db1-aaae-43af-810b-3306267b01c1",
    "data": [
      {
        "text": "Cuál es el salario de ",
        "userDefined": false
      },
      {
        "text": "Sergi Campillo Fernández",
        "alias": "nombre",
        "meta": "@nombre",
        "userDefined": true
      }
    ],
    "isTemplate": false,
    "count": 0,
    "updated": 1525257227
  },
  {
    "id": "468f16fe-5f19-4da6-b722-dbbf7ece895b",
    "data": [
      {
        "text": "mensualidad de ",
        "userDefined": false
      },
      {
        "text": "Anaïs Menguzzato García",
        "alias": "nombre",
        "meta": "@nombre",
        "userDefined": true
      },
      {
        "text": "?",
        "userDefined": false
      }
    ],
    "isTemplate": false,
    "count": 0,
    "updated": 1525257227
  },
  {
    "id": "d322f4a3-9489-43b4-b739-eb131fdf6bf1",
    "data": [
      {
        "text": "dame la mensualidad de ",
        "userDefined": false
      },
      {
        "text": "Neus",
        "alias": "nombre",
        "meta": "@nombre",
        "userDefined": true
      }
    ],
    "isTemplate": false,
    "count": 0,
    "updated": 1525257227
  },
  {
    "id": "fd72d0ab-6ae5-4c7f-a6a1-481591516da3",
    "data": [
      {
        "text": "salario de ",
        "userDefined": false
      },
      {
        "text": "Anaïs Menguzzato",
        "alias": "nombre",
        "meta": "@nombre",
        "userDefined": true
      }
    ],
    "isTemplate": false,
    "count": 0,
    "updated": 1525257227
  },
  {
    "id": "beb121c0-743a-4faf-a4c9-a98564c488aa",
    "data": [
      {
        "text": "¿cuánto cobra  ",
        "userDefined": false
      },
      {
        "text": "María Pilar",
        "alias": "nombre",
        "meta": "@nombre",
        "userDefined": true
      },
      {
        "text": " ?",
        "userDefined": false
      }
    ],
    "isTemplate": false,
    "count": 0,
    "updated": 1525257227
  },
  {
    "id": "e52aac20-20dc-4845-910d-8bfdae9d81e0",
    "data": [
      {
        "text": "cuanto cobra el ",
        "userDefined": false
      },
      {
        "text": "Alcalde",
        "alias": "cargo",
        "meta": "@cargo",
        "userDefined": true
      }
    ],
    "isTemplate": false,
    "count": 0,
    "updated": 1525257227
  },
  {
    "id": "ac25a614-8b3b-4a69-bc70-836577609fd7",
    "data": [
      {
        "text": "dime cuanto gana ",
        "userDefined": false
      },
      {
        "text": "Vicent Manuel Sarrià Morell",
        "alias": "nombre",
        "meta": "@nombre",
        "userDefined": true
      }
    ],
    "isTemplate": false,
    "count": 0,
    "updated": 1525257227
  },
  {
    "id": "e020d8f1-7bcd-4971-8f4c-8daa3979660d",
    "data": [
      {
        "text": "Cuanto gana ",
        "userDefined": false
      },
      {
        "text": "Joan Ribó Canut",
        "alias": "nombre",
        "meta": "@nombre",
        "userDefined": true
      }
    ],
    "isTemplate": false,
    "count": 0,
    "updated": 1525257227
  },
  {
    "id": "4ebd5193-a370-495a-bb36-d71f1213f98b",
    "data": [
      {
        "text": "salario ",
        "userDefined": false
      },
      {
        "text": "María",
        "alias": "nombre",
        "meta": "@nombre",
        "userDefined": true
      }
    ],
    "isTemplate": false,
    "count": 0,
    "updated": 1525257227
  },
  {
    "id": "3697f324-126e-4e42-920e-c6dc2aee3ebc",
    "data": [
      {
        "text": "cuanto cobra ",
        "userDefined": false
      },
      {
        "text": "Sandra Gómez",
        "alias": "nombre",
        "meta": "@nombre",
        "userDefined": true
      }
    ],
    "isTemplate": false,
    "count": 0,
    "updated": 1525257227
  },
  {
    "id": "9598244e-da54-4b7d-96fc-1c57a8116b6d",
    "data": [
      {
        "text": "cuanto cobra ",
        "userDefined": false
      },
      {
        "text": "Sandra Gómez López",
        "alias": "nombre",
        "meta": "@nombre",
        "userDefined": true
      },
      {
        "text": "?",
        "userDefined": false
      }
    ],
    "isTemplate": false,
    "count": 0,
    "updated": 1525257227
  },
  {
    "id": "65e26ba7-e0df-4b4e-9a82-6668693cc06a",
    "data": [
      {
        "text": "cuanto gana la ",
        "userDefined": false
      },
      {
        "text": "Consejala",
        "alias": "cargo",
        "meta": "@cargo",
        "userDefined": true
      }
    ],
    "isTemplate": false,
    "count": 0,
    "updated": 1525257227
  },
  {
    "id": "d4be9432-60a5-4654-89b0-62bc4059d4b5",
    "data": [
      {
        "text": "cuanto cobra ",
        "userDefined": false
      },
      {
        "text": "Consol",
        "alias": "nombre",
        "meta": "@nombre",
        "userDefined": true
      },
      {
        "text": "?",
        "userDefined": false
      }
    ],
    "isTemplate": false,
    "count": 0,
    "updated": 1525257227
  },
  {
    "id": "2f7bd476-b929-41b4-9661-4d5d5484ce0a",
    "data": [
      {
        "text": "cuanto cobra ",
        "userDefined": false
      },
      {
        "text": "Joan",
        "alias": "nombre",
        "meta": "@nombre",
        "userDefined": true
      }
    ],
    "isTemplate": false,
    "count": 0,
    "updated": 1525257227
  }
]