[
  {
    "id": "b9dee7e3-4ac0-4e52-b863-0b09570f8d53",
    "data": [
      {
        "text": "dóna\u0027m la mensualitat de ",
        "userDefined": false
      },
      {
        "text": "Neus",
        "alias": "nombre",
        "meta": "@nombre",
        "userDefined": false
      }
    ],
    "isTemplate": false,
    "count": 0,
    "updated": 1526033696
  },
  {
    "id": "c12eab17-9a6f-42d0-9ba1-ef3631084a0b",
    "data": [
      {
        "text": "quin és el salari de ",
        "userDefined": false
      },
      {
        "text": "Sergi Campillo",
        "alias": "nombre",
        "meta": "@nombre",
        "userDefined": false
      }
    ],
    "isTemplate": false,
    "count": 0,
    "updated": 1526033696
  },
  {
    "id": "531ea077-8ff8-4bd8-8879-21e0d99562e5",
    "data": [
      {
        "text": "Quant guanya ",
        "userDefined": false
      },
      {
        "text": "Sergi",
        "alias": "nombre",
        "meta": "@nombre",
        "userDefined": false
      },
      {
        "text": "?",
        "userDefined": false
      }
    ],
    "isTemplate": false,
    "count": 0,
    "updated": 1526033696
  },
  {
    "id": "f9c20f2d-d8b4-4d28-ba97-493a6868bc17",
    "data": [
      {
        "text": "vull saber el salari de ",
        "userDefined": false
      },
      {
        "text": "Neus Fàbregas",
        "alias": "nombre",
        "meta": "@nombre",
        "userDefined": true
      }
    ],
    "isTemplate": false,
    "count": 0,
    "updated": 1526033696
  },
  {
    "id": "b6ba5465-1d54-49c9-9f6a-d62ea19c9496",
    "data": [
      {
        "text": "dis-me com ",
        "userDefined": false
      },
      {
        "text": "més",
        "meta": "@sys.ignore",
        "userDefined": false
      },
      {
        "text": " cobra ",
        "userDefined": false
      },
      {
        "text": "Giuseppe Grezzi",
        "alias": "nombre",
        "meta": "@nombre",
        "userDefined": false
      }
    ],
    "isTemplate": false,
    "count": 0,
    "updated": 1526033696
  },
  {
    "id": "54ebb2a3-05db-4ea9-9714-ee115f0baef3",
    "data": [
      {
        "text": "salari de ",
        "userDefined": false
      },
      {
        "text": "Vicente Manuel",
        "alias": "nombre",
        "meta": "@nombre",
        "userDefined": true
      }
    ],
    "isTemplate": false,
    "count": 0,
    "updated": 1526033696
  },
  {
    "id": "f37a09b6-afc7-4016-9901-a44654ec81ac",
    "data": [
      {
        "text": "dóna\u0027m el salari de ",
        "userDefined": false
      },
      {
        "text": "Giuseppe",
        "alias": "nombre",
        "meta": "@nombre",
        "userDefined": false
      }
    ],
    "isTemplate": false,
    "count": 0,
    "updated": 1526033696
  },
  {
    "id": "fe20c963-9ba8-471c-853b-191d9388f765",
    "data": [
      {
        "text": "Quant cobra ",
        "userDefined": false
      },
      {
        "text": "Sandra",
        "alias": "nombre",
        "meta": "@nombre",
        "userDefined": false
      },
      {
        "text": "?",
        "userDefined": false
      }
    ],
    "isTemplate": false,
    "count": 0,
    "updated": 1526033696
  },
  {
    "id": "e1359759-9832-4e47-a594-82369baeadaf",
    "data": [
      {
        "text": "Quin és el salari de ",
        "userDefined": false
      },
      {
        "text": "Consol Castillo",
        "alias": "nombre",
        "meta": "@nombre",
        "userDefined": false
      },
      {
        "text": " Plaça",
        "userDefined": false
      }
    ],
    "isTemplate": false,
    "count": 0,
    "updated": 1526033696
  },
  {
    "id": "6ac8385d-3cce-4e6a-bd66-52aa971e4746",
    "data": [
      {
        "text": "Mensualitat de ",
        "userDefined": false
      },
      {
        "text": "Tinent d\u0027Alcalde",
        "alias": "cargo",
        "meta": "@cargo",
        "userDefined": false
      }
    ],
    "isTemplate": false,
    "count": 0,
    "updated": 1526033696
  },
  {
    "id": "fbcfca71-4137-4b26-82d2-2b58f2e29fca",
    "data": [
      {
        "text": "salari ",
        "userDefined": false
      },
      {
        "text": "regidor",
        "alias": "cargo",
        "meta": "@cargo",
        "userDefined": false
      }
    ],
    "isTemplate": false,
    "count": 0,
    "updated": 1526033696
  },
  {
    "id": "15aa79b4-eccf-479f-85f6-913ff9d85af5",
    "data": [
      {
        "text": "dóna\u0027m el salari d\u0027",
        "userDefined": false
      },
      {
        "text": "una",
        "meta": "@sys.ignore",
        "userDefined": false
      },
      {
        "text": " ",
        "userDefined": false
      },
      {
        "text": "regidora",
        "alias": "cargo",
        "meta": "@cargo",
        "userDefined": false
      }
    ],
    "isTemplate": false,
    "count": 0,
    "updated": 1526033696
  },
  {
    "id": "3b896505-ca9b-409e-9b4e-11ff429119ba",
    "data": [
      {
        "text": "vull la mensualitat d\u0027",
        "userDefined": false
      },
      {
        "text": "un",
        "meta": "@sys.ignore",
        "userDefined": false
      },
      {
        "text": " ",
        "userDefined": false
      },
      {
        "text": "Tinent d\u0027Alcalde",
        "alias": "cargo",
        "meta": "@cargo",
        "userDefined": false
      }
    ],
    "isTemplate": false,
    "count": 0,
    "updated": 1526033696
  },
  {
    "id": "5fb1cc21-03a0-4a1d-b86b-4175edb9604e",
    "data": [
      {
        "text": "Dóna\u0027m el sou d\u0027",
        "userDefined": false
      },
      {
        "text": "un",
        "meta": "@sys.ignore",
        "userDefined": false
      },
      {
        "text": " regidor",
        "userDefined": false
      }
    ],
    "isTemplate": false,
    "count": 0,
    "updated": 1526033137
  },
  {
    "id": "fefc06c2-ff67-48e5-87eb-233070919417",
    "data": [
      {
        "text": "Dame el sueldo de un ",
        "userDefined": false
      },
      {
        "text": "Concejal",
        "alias": "cargo",
        "meta": "@cargo",
        "userDefined": true
      }
    ],
    "isTemplate": false,
    "count": 0,
    "updated": 1526033137
  },
  {
    "id": "c451317e-6858-4470-a531-f560d59436a4",
    "data": [
      {
        "text": "quiero la mensualidad ",
        "userDefined": false
      },
      {
        "text": "de un",
        "meta": "@sys.ignore",
        "userDefined": false
      },
      {
        "text": " ",
        "userDefined": false
      },
      {
        "text": "Teniente de Alcalde",
        "alias": "cargo",
        "meta": "@cargo",
        "userDefined": false
      }
    ],
    "isTemplate": false,
    "count": 0,
    "updated": 1526033137
  },
  {
    "id": "13d4af9b-ef9c-4f62-9119-52aedc0b6196",
    "data": [
      {
        "text": "dame el salario de una ",
        "userDefined": false
      },
      {
        "text": "concejala",
        "alias": "cargo",
        "meta": "@cargo",
        "userDefined": true
      }
    ],
    "isTemplate": false,
    "count": 0,
    "updated": 1526033137
  },
  {
    "id": "7192460e-a0ab-4f06-953f-642e86461aad",
    "data": [
      {
        "text": "salario ",
        "userDefined": false
      },
      {
        "text": "concejal",
        "alias": "cargo",
        "meta": "@cargo",
        "userDefined": false
      }
    ],
    "isTemplate": false,
    "count": 0,
    "updated": 1526033137
  },
  {
    "id": "33c98c00-8e62-403f-8158-8b39759000ae",
    "data": [
      {
        "text": "Mensualidad de  ",
        "userDefined": false
      },
      {
        "text": "Teniente de Alcalde",
        "alias": "cargo",
        "meta": "@cargo",
        "userDefined": false
      }
    ],
    "isTemplate": false,
    "count": 0,
    "updated": 1526033137
  },
  {
    "id": "533f2640-ce9b-4a67-a05a-3b1ba8a576fc",
    "data": [
      {
        "text": "Cuál es el salario de  ",
        "userDefined": false
      },
      {
        "text": "Consol Castillo Plaza",
        "alias": "nombre",
        "meta": "@nombre",
        "userDefined": true
      },
      {
        "text": "?",
        "userDefined": false
      }
    ],
    "isTemplate": false,
    "count": 0,
    "updated": 1526033137
  },
  {
    "id": "3bcc3277-9de4-4cca-a3ca-f4674d011ed9",
    "data": [
      {
        "text": "cuanto cobra ",
        "userDefined": false
      },
      {
        "text": "Sandra",
        "alias": "nombre",
        "meta": "@nombre",
        "userDefined": true
      },
      {
        "text": "?",
        "userDefined": false
      }
    ],
    "isTemplate": false,
    "count": 0,
    "updated": 1526033137
  },
  {
    "id": "5d428558-3fec-4a1f-a741-d65cb2da3d27",
    "data": [
      {
        "text": "dame el salario de  ",
        "userDefined": false
      },
      {
        "text": "Giuseppe",
        "alias": "nombre",
        "meta": "@nombre",
        "userDefined": true
      }
    ],
    "isTemplate": false,
    "count": 0,
    "updated": 1526033137
  },
  {
    "id": "520a1caf-c527-4c63-aa5c-f423454ecaf8",
    "data": [
      {
        "text": "salario de ",
        "userDefined": false
      },
      {
        "text": "Vicent Manuel",
        "alias": "nombre",
        "meta": "@nombre",
        "userDefined": true
      }
    ],
    "isTemplate": false,
    "count": 0,
    "updated": 1526033137
  },
  {
    "id": "c4ccc222-354a-40d4-ba02-57a17b302a59",
    "data": [
      {
        "text": "dime cuanto cobra ",
        "userDefined": false
      },
      {
        "text": "Giuseppe Grezzi",
        "alias": "nombre",
        "meta": "@nombre",
        "userDefined": true
      }
    ],
    "isTemplate": false,
    "count": 0,
    "updated": 1525257227
  },
  {
    "id": "5677242e-9c2c-4e47-9234-ca35ba928d92",
    "data": [
      {
        "text": "cuanto cobra ",
        "userDefined": false
      },
      {
        "text": "Vicent",
        "alias": "nombre",
        "meta": "@nombre",
        "userDefined": true
      }
    ],
    "isTemplate": false,
    "count": 0,
    "updated": 1525257227
  },
  {
    "id": "f478c790-ed2f-4de0-853a-3b15cf80aceb",
    "data": [
      {
        "text": "quiero el salario de ",
        "userDefined": false
      },
      {
        "text": "Neus Fábregas Santana",
        "alias": "nombre",
        "meta": "@nombre",
        "userDefined": true
      }
    ],
    "isTemplate": false,
    "count": 0,
    "updated": 1525257227
  },
  {
    "id": "b38ef8d6-82f8-47e8-b8f9-7af149ee64ad",
    "data": [
      {
        "text": "quiero saber el salario de ",
        "userDefined": false
      },
      {
        "text": "Neus Fábregas",
        "alias": "nombre",
        "meta": "@nombre",
        "userDefined": true
      }
    ],
    "isTemplate": false,
    "count": 0,
    "updated": 1525257227
  },
  {
    "id": "aec4a938-ec53-4749-a7d2-90ab29ad4790",
    "data": [
      {
        "text": "cuánto gana ",
        "userDefined": false
      },
      {
        "text": "Sergi",
        "alias": "nombre",
        "meta": "@nombre",
        "userDefined": true
      },
      {
        "text": "?",
        "userDefined": false
      }
    ],
    "isTemplate": false,
    "count": 0,
    "updated": 1525257227
  },
  {
    "id": "a7c04270-ea55-4bcb-886e-3d0eed2450b1",
    "data": [
      {
        "text": "cual es el salario de ",
        "userDefined": false
      },
      {
        "text": "Sergi Campillo",
        "alias": "nombre",
        "meta": "@nombre",
        "userDefined": true
      }
    ],
    "isTemplate": false,
    "count": 0,
    "updated": 1525257227
  },
  {
    "id": "145c130e-4a08-46c6-b54b-da0e1b80f529",
    "data": [
      {
        "text": "¿Cuál es el salario de  ",
        "userDefined": false
      },
      {
        "text": "Anaïs",
        "alias": "nombre",
        "meta": "@nombre",
        "userDefined": true
      },
      {
        "text": " ?",
        "userDefined": false
      }
    ],
    "isTemplate": false,
    "count": 0,
    "updated": 1525257227
  },
  {
    "id": "a0cc69e9-4c64-4892-8140-49f68f1badc9",
    "data": [
      {
        "text": "¿cuánto cobra ",
        "userDefined": false
      },
      {
        "text": "María Oliver",
        "alias": "nombre",
        "meta": "@nombre",
        "userDefined": true
      },
      {
        "text": "?",
        "userDefined": false
      }
    ],
    "isTemplate": false,
    "count": 0,
    "updated": 1525257227
  },
  {
    "id": "ccea94ba-f59d-4822-b753-694e53840ed4",
    "data": [
      {
        "text": "¿cuánto gana ",
        "userDefined": false
      },
      {
        "text": "María Oliver Sanz",
        "alias": "nombre",
        "meta": "@nombre",
        "userDefined": true
      },
      {
        "text": "?",
        "userDefined": false
      }
    ],
    "isTemplate": false,
    "count": 0,
    "updated": 1525257227
  },
  {
    "id": "13088641-d5ea-42f6-a49a-ee6c85df51e9",
    "data": [
      {
        "text": "Cuál es el salario de ",
        "userDefined": false
      },
      {
        "text": "Sergi Campillo Fernández",
        "alias": "nombre",
        "meta": "@nombre",
        "userDefined": true
      }
    ],
    "isTemplate": false,
    "count": 0,
    "updated": 1525257227
  },
  {
    "id": "ccd25bea-e400-4cdf-b640-c62581e5635a",
    "data": [
      {
        "text": "mensualidad de ",
        "userDefined": false
      },
      {
        "text": "Anaïs Menguzzato García",
        "alias": "nombre",
        "meta": "@nombre",
        "userDefined": true
      },
      {
        "text": "?",
        "userDefined": false
      }
    ],
    "isTemplate": false,
    "count": 0,
    "updated": 1525257227
  },
  {
    "id": "8324922c-4dd4-4487-bed5-55b23b864cb8",
    "data": [
      {
        "text": "dame la mensualidad de ",
        "userDefined": false
      },
      {
        "text": "Neus",
        "alias": "nombre",
        "meta": "@nombre",
        "userDefined": true
      }
    ],
    "isTemplate": false,
    "count": 0,
    "updated": 1525257227
  },
  {
    "id": "462aaff1-f18d-4537-ab66-0cc33fb071de",
    "data": [
      {
        "text": "salario de ",
        "userDefined": false
      },
      {
        "text": "Anaïs Menguzzato",
        "alias": "nombre",
        "meta": "@nombre",
        "userDefined": true
      }
    ],
    "isTemplate": false,
    "count": 0,
    "updated": 1525257227
  },
  {
    "id": "78b23377-0609-4f80-814b-3c24410084de",
    "data": [
      {
        "text": "¿cuánto cobra  ",
        "userDefined": false
      },
      {
        "text": "María Pilar",
        "alias": "nombre",
        "meta": "@nombre",
        "userDefined": true
      },
      {
        "text": " ?",
        "userDefined": false
      }
    ],
    "isTemplate": false,
    "count": 0,
    "updated": 1525257227
  },
  {
    "id": "21bb6bda-4858-4eab-98cb-a4dc0482b95f",
    "data": [
      {
        "text": "cuanto cobra el ",
        "userDefined": false
      },
      {
        "text": "Alcalde",
        "alias": "cargo",
        "meta": "@cargo",
        "userDefined": true
      }
    ],
    "isTemplate": false,
    "count": 0,
    "updated": 1525257227
  },
  {
    "id": "d4676d7f-1264-4dd8-b90b-aad844ab0f08",
    "data": [
      {
        "text": "dime cuanto gana ",
        "userDefined": false
      },
      {
        "text": "Vicent Manuel Sarrià Morell",
        "alias": "nombre",
        "meta": "@nombre",
        "userDefined": true
      }
    ],
    "isTemplate": false,
    "count": 0,
    "updated": 1525257227
  },
  {
    "id": "3d747cca-fdc2-4fa5-9187-c81c725a3bef",
    "data": [
      {
        "text": "Cuanto gana ",
        "userDefined": false
      },
      {
        "text": "Joan Ribó Canut",
        "alias": "nombre",
        "meta": "@nombre",
        "userDefined": true
      }
    ],
    "isTemplate": false,
    "count": 0,
    "updated": 1525257227
  },
  {
    "id": "5e915368-dc3f-47bb-b1d4-cd773107f375",
    "data": [
      {
        "text": "salario ",
        "userDefined": false
      },
      {
        "text": "María",
        "alias": "nombre",
        "meta": "@nombre",
        "userDefined": true
      }
    ],
    "isTemplate": false,
    "count": 0,
    "updated": 1525257227
  },
  {
    "id": "ab4f60d4-9747-46d6-9c7f-c40d226fbacb",
    "data": [
      {
        "text": "cuanto cobra ",
        "userDefined": false
      },
      {
        "text": "Sandra Gómez",
        "alias": "nombre",
        "meta": "@nombre",
        "userDefined": true
      }
    ],
    "isTemplate": false,
    "count": 0,
    "updated": 1525257227
  },
  {
    "id": "f598e217-cbff-432e-8461-09ae1e861a21",
    "data": [
      {
        "text": "cuanto cobra ",
        "userDefined": false
      },
      {
        "text": "Sandra Gómez López",
        "alias": "nombre",
        "meta": "@nombre",
        "userDefined": true
      },
      {
        "text": "?",
        "userDefined": false
      }
    ],
    "isTemplate": false,
    "count": 0,
    "updated": 1525257227
  },
  {
    "id": "fc3ce706-7eb9-4904-93d5-1022032d61cb",
    "data": [
      {
        "text": "cuanto gana la ",
        "userDefined": false
      },
      {
        "text": "Consejala",
        "alias": "cargo",
        "meta": "@cargo",
        "userDefined": true
      }
    ],
    "isTemplate": false,
    "count": 0,
    "updated": 1525257227
  },
  {
    "id": "466344bb-f704-4746-9a44-14b96e2bf2b1",
    "data": [
      {
        "text": "cuanto cobra ",
        "userDefined": false
      },
      {
        "text": "Consol",
        "alias": "nombre",
        "meta": "@nombre",
        "userDefined": true
      },
      {
        "text": "?",
        "userDefined": false
      }
    ],
    "isTemplate": false,
    "count": 0,
    "updated": 1525257227
  },
  {
    "id": "82093ebd-7fb8-444e-b324-f3648f5209ff",
    "data": [
      {
        "text": "cuanto cobra ",
        "userDefined": false
      },
      {
        "text": "Joan",
        "alias": "nombre",
        "meta": "@nombre",
        "userDefined": true
      }
    ],
    "isTemplate": false,
    "count": 0,
    "updated": 1525257227
  }
]