[
  {
    "id": "920d59ef-e3e9-4662-897c-95c85d79bbd8",
    "data": [
      {
        "text": "salutacions",
        "userDefined": false
      }
    ],
    "isTemplate": false,
    "count": 0,
    "updated": 1528281488
  },
  {
    "id": "dcaf52a2-e4c0-4804-9516-65d7de93c76f",
    "data": [
      {
        "text": "bons ",
        "userDefined": false
      },
      {
        "text": "dies",
        "meta": "@sys.ignore",
        "userDefined": false
      }
    ],
    "isTemplate": false,
    "count": 0,
    "updated": 1528281488
  },
  {
    "id": "4d0def78-d61d-4648-bf78-0dad03e6c714",
    "data": [
      {
        "text": "Buenos dias",
        "userDefined": false
      }
    ],
    "isTemplate": false,
    "count": 0,
    "updated": 1528281488
  },
  {
    "id": "2de68266-e53b-42cb-992b-7a866d191134",
    "data": [
      {
        "text": "saludos",
        "userDefined": false
      }
    ],
    "isTemplate": false,
    "count": 0,
    "updated": 1528281488
  },
  {
    "id": "21b5a42e-bc2f-493a-8d57-2acbcdc68309",
    "data": [
      {
        "text": "¿Qué tal?",
        "userDefined": false
      }
    ],
    "isTemplate": false,
    "count": 0,
    "updated": 1528281488
  },
  {
    "id": "4616354e-b157-4238-93e3-fb0130f94c6f",
    "data": [
      {
        "text": "que tal",
        "userDefined": false
      }
    ],
    "isTemplate": false,
    "count": 0,
    "updated": 1528281488
  },
  {
    "id": "a8045b83-4cf9-48ad-90ce-885cd40a3af0",
    "data": [
      {
        "text": "hola!",
        "userDefined": false
      }
    ],
    "isTemplate": false,
    "count": 0,
    "updated": 1528281488
  },
  {
    "id": "dd53c273-a601-43e1-9d84-2e189904b259",
    "data": [
      {
        "text": "Hola",
        "userDefined": false
      }
    ],
    "isTemplate": false,
    "count": 0,
    "updated": 1528281488
  }
]