[
  {
    "id": "06c40cdc-828d-49ef-8a27-8efc995038fe",
    "data": [
      {
        "text": "Buenos dias",
        "userDefined": false
      }
    ],
    "isTemplate": false,
    "count": 0,
    "updated": 1524826288
  },
  {
    "id": "fa2a672b-38b3-4a29-9c94-6a30f678f28a",
    "data": [
      {
        "text": "saludos",
        "userDefined": false
      }
    ],
    "isTemplate": false,
    "count": 0,
    "updated": 1524826288
  },
  {
    "id": "70e3d225-cbe3-4274-abf5-f224fa5a3788",
    "data": [
      {
        "text": "¿Qué tal?",
        "userDefined": false
      }
    ],
    "isTemplate": false,
    "count": 0,
    "updated": 1524826288
  },
  {
    "id": "64f88313-d8ad-44d7-ae8b-71ef5d9a14c0",
    "data": [
      {
        "text": "que tal",
        "userDefined": false
      }
    ],
    "isTemplate": false,
    "count": 0,
    "updated": 1524826288
  },
  {
    "id": "94c38978-d8a7-4efe-b939-5093fdb18f18",
    "data": [
      {
        "text": "hola!",
        "userDefined": false
      }
    ],
    "isTemplate": false,
    "count": 0,
    "updated": 1524826288
  },
  {
    "id": "9eca608b-81cc-4618-b42e-8b44ff32f576",
    "data": [
      {
        "text": "Hola",
        "userDefined": false
      }
    ],
    "isTemplate": false,
    "count": 0,
    "updated": 1524826288
  }
]