[
  {
    "value": "Massarrojos",
    "synonyms": [
      "Masarrojos",
      "Masarrochos",
      "Massarrojos",
      "masarrojos"
    ]
  },
  {
    "value": "Mahuella Tauladella",
    "synonyms": [
      "Mauella",
      "Mahuella",
      "Mahuella Tauladella",
      "RAFALELL-VISTABELLA",
      "Rafallell Vistabella",
      "Tauladella",
      "mauella"
    ]
  },
  {
    "value": "Borbotó",
    "synonyms": [
      "Borboto",
      "Borbotó",
      "borboto"
    ]
  },
  {
    "value": "Benifaraig",
    "synonyms": [
      "benifaraig",
      "Benifaraig"
    ]
  },
  {
    "value": "Torrefiel",
    "synonyms": [
      "torrefiel",
      "Torrefiel"
    ]
  },
  {
    "value": "Tormos",
    "synonyms": [
      "tormos",
      "Tormos"
    ]
  },
  {
    "value": "Benicalap",
    "synonyms": [
      "benicalap",
      "Benicalap"
    ]
  },
  {
    "value": "Sant Antoni",
    "synonyms": [
      "Sant Antoni",
      "San Antonio",
      "sant antoni"
    ]
  },
  {
    "value": "Marxalenes",
    "synonyms": [
      "marxalenes",
      "Marxalenes",
      "Marchalenes"
    ]
  },
  {
    "value": "Benimaclet",
    "synonyms": [
      "benimaclet",
      "Benimaclet"
    ]
  },
  {
    "value": "Morvedre",
    "synonyms": [
      "morvedre",
      "Morvedre",
      "Murviedro",
      "murviedro"
    ]
  },
  {
    "value": "El Calvari",
    "synonyms": [
      "El Calvari",
      "el calvari",
      "Calvari",
      "El Calvario",
      "Calvario"
    ]
  },
  {
    "value": "Les Tendetes",
    "synonyms": [
      "les tendetes",
      "Les Tendetes",
      "Tendetes",
      "Las Tiendecitas",
      "Tiendecitas",
      "tiendecitas"
    ]
  },
  {
    "value": "Les Cases De Barcena",
    "synonyms": [
      "Casas de Bàrcena",
      "Les Cases de Bàrcena",
      "Casas de Barcena",
      "Cases de Barcena",
      "Casesde Bàrcena",
      "les cases de barcena",
      "casas de barcena",
      "Cases de Bàrcena"
    ]
  },
  {
    "value": "Carpesa",
    "synonyms": [
      "carpesa",
      "Carpesa"
    ]
  },
  {
    "value": "Jaume Roig",
    "synonyms": [
      "Jaume Roig",
      "jaume roig"
    ]
  },
  {
    "value": "Trinitat",
    "synonyms": [
      "trinitat",
      "Trinitat",
      "Trinidad"
    ]
  },
  {
    "value": "Ciutat Universitària",
    "synonyms": [
      "ciutat universitaria",
      "Ciutat Universitària",
      "Ciutat Universitaria",
      "Ciudad Universitaria"
    ]
  },
  {
    "value": "La Vega Biaixa",
    "synonyms": [
      "la vega baixa",
      "La Bega Baixa",
      "La Vega Baixa",
      "Barri de Sant Josep",
      "Sant Josep",
      "La Bega Baja",
      "Bega Baixa",
      "Vega Baixa",
      "Bega Baja"
    ]
  },
  {
    "value": "El Carme",
    "synonyms": [
      "el carme",
      "El Carme",
      "Carme",
      "El Carmen",
      "Carmen",
      "el carmen"
    ]
  },
  {
    "value": "Campanar",
    "synonyms": [
      "campanar",
      "Campanar"
    ]
  },
  {
    "value": "La Petxina",
    "synonyms": [
      "la petxina",
      "La Petxina",
      "Petxina",
      "La Concha",
      "Concha"
    ]
  },
  {
    "value": "La Xerea",
    "synonyms": [
      "la xerea",
      "La Xerea",
      "Xerea"
    ]
  },
  {
    "value": "Mestalla",
    "synonyms": [
      "mestalla",
      "Mestalla"
    ]
  },
  {
    "value": "El Cabanyal",
    "synonyms": [
      "El cabanyal",
      "canbanyal canyamelar",
      "Canyamelar",
      "Cabañal Cañamelar",
      "Cañamelar"
    ]
  },
  {
    "value": "El Mercat",
    "synonyms": [
      "el mercat",
      "El Mercat",
      "Mercat",
      "El Mercado",
      "Mercado",
      "mercado"
    ]
  },
  {
    "value": "El Pilar",
    "synonyms": [
      "el pilar",
      "El Pilar",
      "Velluters",
      "Pilar",
      "El Pilar Velluters"
    ]
  },
  {
    "value": "El Botànic",
    "synonyms": [
      "El Botanic",
      "El Botànic",
      "Botánic",
      "Botanic",
      "El Botánico",
      "Botanico",
      "El Botanico",
      "Botánico",
      "el botanic",
      "el botanico"
    ]
  },
  {
    "value": "El Pla Del Remei",
    "synonyms": [
      "el pla del remei",
      "El Pla del Remei",
      "El Llano del Remedio",
      "El Pla del Reme"
    ]
  },
  {
    "value": "Sant Francesc",
    "synonyms": [
      "sant francesc",
      "Sant Francesc",
      "San Francisco",
      "san francisco"
    ]
  },
  {
    "value": "L\u0027illa Perduda",
    "synonyms": [
      "l\u0027illa perduda",
      "L\u0027Illa Perduda",
      "La Isla Perdida",
      "Illa Perduda",
      "Isla Perdida"
    ]
  },
  {
    "value": "Albors",
    "synonyms": [
      "albors",
      "Albors"
    ]
  },
  {
    "value": "Arrancapins",
    "synonyms": [
      "arrancapins",
      "Arrancapins",
      "Arrancapinos"
    ]
  },
  {
    "value": "Aiora",
    "synonyms": [
      "aiora",
      "Aiora",
      "Ayora"
    ]
  },
  {
    "value": "Gran Via",
    "synonyms": [
      "la gran via",
      "Gran Via",
      "Gran Vía"
    ]
  },
  {
    "value": "La Roqueta",
    "synonyms": [
      "la roqueta",
      "La Roqueta",
      "Roqueta",
      "Convet de Jerusalem",
      "La Roquita",
      "Roquita"
    ]
  },
  {
    "value": "Camí Fondo",
    "synonyms": [
      "cami fondo",
      "Camí Fondo",
      "Camino Hondo",
      "CamíFondo"
    ]
  },
  {
    "value": "Tres Forques",
    "synonyms": [
      "tres forques",
      "Tres Forques",
      "Tres Horcas"
    ]
  },
  {
    "value": "Patraix",
    "synonyms": [
      "patraix",
      "Patraix"
    ]
  },
  {
    "value": "Russafa",
    "synonyms": [
      "russafa",
      "Russafa",
      "Ruzafa"
    ]
  },
  {
    "value": "Penya Roja",
    "synonyms": [
      "penya roja",
      "Penya Roja",
      "Penya-Roja",
      "Peña Roja"
    ]
  },
  {
    "value": "Montolivet",
    "synonyms": [
      "mont olivet",
      "montolivet",
      "Montolivet",
      "Monteolivete",
      "Mont-Olivet"
    ]
  },
  {
    "value": "La Creu del Grau",
    "synonyms": [
      "la creu del grau",
      "La Creu del Grau",
      "La Cruz del Grao",
      "Creu del Grau",
      "Cruz del Grao",
      "la Creudel Grau"
    ]
  },
  {
    "value": "La Raiosa",
    "synonyms": [
      "la raiosa",
      "La Raiosa",
      "Raiosa",
      "La Raïosa",
      "Raïosa"
    ]
  },
  {
    "value": "Safranar",
    "synonyms": [
      "safranar",
      "Campo de azafrán"
    ]
  },
  {
    "value": "Ciutat de les Arts i de les Ciències",
    "synonyms": [
      "ciutat de les arts i de les ciencies",
      "Ciutat de les Arts i de les Ciències",
      "Ciudad de las Artes y las Ciencias",
      "Ciutat de les Ciències",
      "Ciutat de les Ciencies",
      "Ciutat de les Arts i de les Ciencies",
      "Ciutatdeles Artsideles Ciències",
      "ciudad de las ciencias",
      "ciudad de las artes"
    ]
  },
  {
    "value": "La Seu",
    "synonyms": [
      "La Seu",
      "Seu",
      "La Sede",
      "La Catedral",
      "Catedral",
      "Sede"
    ]
  },
  {
    "value": "Na Rovella",
    "synonyms": [
      "na rovella",
      "Na Rovella",
      "Rovella"
    ]
  },
  {
    "value": "En Corts",
    "synonyms": [
      "en corts",
      "En Corts",
      "Corts"
    ]
  },
  {
    "value": "Sant Isidre",
    "synonyms": [
      "sant isidre",
      "Sant Isidre",
      "San Isidro"
    ]
  },
  {
    "value": "Malilla",
    "synonyms": [
      "malilla",
      "Malilla",
      "Melilla"
    ]
  },
  {
    "value": "Favara",
    "synonyms": [
      "favara",
      "Favara"
    ]
  },
  {
    "value": "Natzaret",
    "synonyms": [
      "natzaret",
      "Nazaret",
      "Natzaret"
    ]
  },
  {
    "value": "L\u0027Hort de Senabre",
    "synonyms": [
      "l\u0027hort de senabre",
      "L\u0027Hort de Senabre",
      "Hort de Sanabre",
      "El Huerto de Senabre",
      "Huerto de Senabre"
    ]
  },
  {
    "value": "Beteró",
    "synonyms": [
      "betero",
      "Betero",
      "Beteró"
    ]
  },
  {
    "value": "La Creu Coberta",
    "synonyms": [
      "La Creu Coberta",
      "La Cruz Cubierta",
      "Creu Coberta",
      "Cruz Cubierta"
    ]
  },
  {
    "value": "Camí Real",
    "synonyms": [
      "cami real",
      "Camí Real",
      "Camino Real",
      "Camí Reial",
      "Cami Reial",
      "Cami Real",
      "CamíReal"
    ]
  },
  {
    "value": "Exposició",
    "synonyms": [
      "exposicio",
      "Exposició",
      "L\u0027Exposició",
      "Exposicio",
      "L\u0027Exposicio",
      "Exposición",
      "Exposicion"
    ]
  },
  {
    "value": "Fonteta de Sant Lluís",
    "synonyms": [
      "la fonteta s.lluis",
      "Fonteta de Sant Lluís",
      "Fuente de San Luis",
      "La Fonteta de Sant Lluís",
      "Fuente San Luis",
      "La Fonteta de Sant Lluis",
      "Fonteta de Sant Lluis",
      "Fontetade Sant Lluís"
    ]
  },
  {
    "value": "Sant Marcel·lí",
    "synonyms": [
      "sant marcel.li",
      "Sant Marcel.lí",
      "San Marcelino"
    ]
  },
  {
    "value": "L\u0027Amistat",
    "synonyms": [
      "l\u0027amistat",
      "L\u0027Amistat",
      "Amistat",
      "La Amistad",
      "Amistad"
    ]
  },
  {
    "value": "Poble Nou",
    "synonyms": [
      "poble nou",
      "Poble Nou",
      "Pueblo Nuevo",
      "Poblenou"
    ]
  },
  {
    "value": "La Punta",
    "synonyms": [
      "la punta",
      "La Punta",
      "Punta"
    ]
  },
  {
    "value": "El Grau",
    "synonyms": [
      "el grau",
      "El Grao",
      "Grao",
      "El Grau de València",
      "El Grau",
      "Grau",
      "El Grau de Valencia"
    ]
  },
  {
    "value": "La Carrasca",
    "synonyms": [
      "La Carrasca",
      "Carrasca",
      "la carrasca"
    ]
  },
  {
    "value": "Camí de Vera",
    "synonyms": [
      "cami de vera",
      "Camí de Vera",
      "Cami de Vera",
      "Camí Vera",
      "Cami Vera",
      "Camíde Vera"
    ]
  },
  {
    "value": "Benimàmet",
    "synonyms": [
      "benimamet",
      "Benimàmet",
      "Benimámet",
      "Benimamet"
    ]
  },
  {
    "value": "Vara de Quart",
    "synonyms": [
      "vara de quart",
      "Vara de Quart",
      "Varade Quart"
    ]
  },
  {
    "value": "El Perellonet",
    "synonyms": [
      "el perellonet",
      "El Perellonet",
      "Perellonet"
    ]
  },
  {
    "value": "El Palmar",
    "synonyms": [
      "el palmar",
      "El Palmar",
      "Palmar"
    ]
  },
  {
    "value": "El Saler",
    "synonyms": [
      "el saler",
      "El Saler",
      "Saler"
    ]
  },
  {
    "value": "Nou Moles",
    "synonyms": [
      "nou moles",
      "Nou Moles",
      "Nueve Muelas"
    ]
  },
  {
    "value": "Soternes",
    "synonyms": [
      "soternes",
      "Soternes"
    ]
  },
  {
    "value": "San Lorenzo",
    "synonyms": [
      "sant llorens",
      "San Lorenzo",
      "Sant Llorens"
    ]
  },
  {
    "value": "La Llum",
    "synonyms": [
      "La Llum",
      "Llum",
      "La Luz",
      "Luz"
    ]
  },
  {
    "value": "Ciutat Jardí",
    "synonyms": [
      "ciutat jardi",
      "Ciutat Jardí",
      "Ciutat Jardi",
      "Ciudad Jardín",
      "Ciudad Jardin",
      "El Cedre",
      "Cedre",
      "El Cedro",
      "Cedro"
    ]
  },
  {
    "value": "Sant Pau",
    "synonyms": [
      "sant pau",
      "Sant Pau",
      "San Pablo"
    ]
  },
  {
    "value": "La Malva-rosa",
    "synonyms": [
      "la malva rosa",
      "La Malva-rosa",
      "Malvarrosa",
      "Malva-rosa",
      "La Malvarrosa"
    ]
  },
  {
    "value": "La Fontsanta",
    "synonyms": [
      "la fontsanta",
      "La Fuensanta",
      "Fuensanta",
      "La Fontsanta",
      "Fontsanta"
    ]
  },
  {
    "value": "Pinedo",
    "synonyms": [
      "pinedo",
      "Pinedo"
    ]
  },
  {
    "value": "Faitanar",
    "synonyms": [
      "faitanar",
      "Faitanar"
    ]
  },
  {
    "value": "Beniferri",
    "synonyms": [
      "beniferri",
      "Beniferri"
    ]
  },
  {
    "value": "Ciutat Fallera",
    "synonyms": [
      "ciutat fallera",
      "Ciutat Fallera",
      "Ciudad Fallera",
      "Ciutat de l\u0027Artista Faller"
    ]
  },
  {
    "value": "La Torre",
    "synonyms": [
      "la torre",
      "La Torre",
      "Torre"
    ]
  },
  {
    "value": "El Forn d\u0027Alcedo",
    "synonyms": [
      "el forn d\u0027alcedo",
      "l Forn d\u0027Alcedo",
      "Horno de Alcedo",
      "Forn d\u0027Alcedo",
      "el Fornd\u0027Alcedo"
    ]
  },
  {
    "value": "El Castellar-L\u0027Oliveral",
    "synonyms": [
      "castellar l\u0027oliveral",
      "El Castellar-L\u0027Oliveral",
      "Castellar-Oliveral",
      "El Castellar",
      "Castellar",
      "L\u0027Oliveral",
      "Oliveral",
      "el Castellar-l\u0027Oliverar"
    ]
  },
  {
    "value": "Els Orriols",
    "synonyms": [
      "els orriols",
      "Els Orriols",
      "Orriols"
    ]
  },
  {
    "value": "del carme",
    "synonyms": [
      "del carme"
    ]
  }
]