[
  {
    "value": "Alcalde",
    "synonyms": [
      "Alcalde",
      "d\u0027Alcalde"
    ]
  },
  {
    "value": "1º Teniente de Alcalde",
    "synonyms": [
      "1º Teniente de Alcalde",
      "1º Tinent d\u0027Alcalde"
    ]
  },
  {
    "value": "2ª Teniente de Alcalde",
    "synonyms": [
      "2ª Teniente de Alcalde",
      "2ª Tinent d\u0027Alcalde"
    ]
  },
  {
    "value": "Alcade",
    "synonyms": [
      "Alcade",
      "alcalde"
    ]
  },
  {
    "value": "Concejala",
    "synonyms": [
      "Concejala",
      "consejala",
      "concejala",
      "regidora"
    ]
  },
  {
    "value": "Concejal",
    "synonyms": [
      "Concejal",
      "consejal",
      "concejal",
      "regidor"
    ]
  },
  {
    "value": "Concejal - Portavoz grupo",
    "synonyms": [
      "Concejal - Portavoz grupo"
    ]
  },
  {
    "value": "Teniente de Alcalde",
    "synonyms": [
      "Teniente de Alcalde",
      "Tinent d\u0027Alcalde"
    ]
  }
]