[
  {
    "value": "Manuel Camarasa Navalón",
    "synonyms": [
      "Manuel Camarasa Navalón",
      "Manuel Camarasa",
      "Manuel"
    ]
  },
  {
    "value": "Fernando Giner Grima",
    "synonyms": [
      "Fernando Giner Grima",
      "Fernando Giner",
      "Fernando"
    ]
  },
  {
    "value": "Gloria Telllo Company",
    "synonyms": [
      "Gloria Telllo Company",
      "Gloria Tello",
      "Gloria"
    ]
  },
  {
    "value": "Lourdes Bernal Sanchís",
    "synonyms": [
      "Lourdes Bernal Sanchís",
      "Lourdes Bernal",
      "Lourdes"
    ]
  },
  {
    "value": "Félix Crespo Hellín",
    "synonyms": [
      "Félix Crespo Hellín",
      "Félix Crespo",
      "Félix"
    ]
  },
  {
    "value": "Vicente Igual Alandete",
    "synonyms": [
      "Vicente Igual Alandete",
      "Vicente Igual",
      "Vicente"
    ]
  },
  {
    "value": "Eusebio Monzó Martínez",
    "synonyms": [
      "Eusebio Monzó Martínez",
      "Eusebio Monzó",
      "Eusebio"
    ]
  },
  {
    "value": "Joan Ribó Canut",
    "synonyms": [
      "Joan Ribó Canut",
      "Joan Ribó",
      "Joan"
    ]
  },
  {
    "value": "Isabel Lozano Lázaro",
    "synonyms": [
      "Isabel Lozano Lázaro",
      "Isabel Lozano",
      "Isabel"
    ]
  },
  {
    "value": "Alberto José Mendoza Segui",
    "synonyms": [
      "Alberto José Mendoza Segui",
      "Alberto José Mendoza",
      "Alberto José",
      "Alberto"
    ]
  },
  {
    "value": "Anaïs Menguzzato García",
    "synonyms": [
      "Anaïs Menguzzato García",
      "Anaïs",
      "Anaïs Menguzzato"
    ]
  },
  {
    "value": "Neus Fábregas Santana",
    "synonyms": [
      "Neus Fábregas Santana",
      "Neus",
      "Neu Fábregas"
    ]
  },
  {
    "value": "Vicent Manuel Sarrià Morell",
    "synonyms": [
      "Vicent Manuel Sarrià Morell",
      "Vicent",
      "Vicent Manuel",
      "Vicent Manuel Sarrià"
    ]
  },
  {
    "value": "María Teresa Girau Meliá",
    "synonyms": [
      "María Teresa Girau Meliá",
      "María Teresa Girau",
      "María Teresa"
    ]
  },
  {
    "value": "María Oliver Sanz",
    "synonyms": [
      "María Oliver Sanz",
      "María Oliver"
    ]
  },
  {
    "value": "María Amparo Picó Peris",
    "synonyms": [
      "María Amparo Picó Peris",
      "María Amparo Picó",
      "María Amparo"
    ]
  },
  {
    "value": "Narciso Estellés Escorihuela",
    "synonyms": [
      "Narciso Estellés Escorihuela",
      "Narciso Estellés",
      "Narciso"
    ]
  },
  {
    "value": "Pere Sixte Fuset i Tortosa",
    "synonyms": [
      "Pere Sixte Fuset i Tortosa",
      "Pere Sixte Fuset i",
      "Pere Sixte",
      "Pere"
    ]
  },
  {
    "value": "Consol Castillo Plaza",
    "synonyms": [
      "Consol Castillo Plaza",
      "Consol Castillo",
      "Consol"
    ]
  },
  {
    "value": "Roberto Jaramillo Martínez",
    "synonyms": [
      "Roberto Jaramillo Martínez",
      "Roberto Jaramillo",
      "Roberto"
    ]
  },
  {
    "value": "Alfonso Novo Belenguer",
    "synonyms": [
      "Alfonso Novo Belenguer",
      "Alfonso Novo",
      "Alfonso"
    ]
  },
  {
    "value": "María Dolores Jiménez Díaz",
    "synonyms": [
      "María Dolores Jiménez Díaz",
      "María Dolores Jiménez",
      "María Dolores"
    ]
  },
  {
    "value": "Sandra Gómez López",
    "synonyms": [
      "Sandra Gómez López",
      "Sandra Gómez López",
      "Sandra"
    ]
  },
  {
    "value": "María Pilar Soriano Rodríguez",
    "synonyms": [
      "María Pilar Soriano Rodríguez",
      "María Pilar Soriano",
      "María Pilar"
    ]
  },
  {
    "value": "Ramón Vilar Zanón",
    "synonyms": [
      "Ramón Vilar Zanón",
      "Ramón Vilar",
      "Ramón"
    ]
  },
  {
    "value": "Cristóbal Grau Muñoz",
    "synonyms": [
      "Cristóbal Grau Muñoz",
      "Cristóbal Grau",
      "Cristóbal"
    ]
  },
  {
    "value": "Beatriz Simón Castellets",
    "synonyms": [
      "Beatriz Simón Castellets",
      "Beatriz Simón",
      "Beatriz"
    ]
  },
  {
    "value": "Sergi Campillo Fernández",
    "synonyms": [
      "Sergi Campillo Fernández",
      "Sergi Campillo",
      "Sergi"
    ]
  },
  {
    "value": "María Àngels Ramón-Llin Martínez",
    "synonyms": [
      "María Àngels Ramón-Llin Martínez",
      "María Àngels Ramón-Llin",
      "María Àngels"
    ]
  },
  {
    "value": "Giuseppe Grezzi",
    "synonyms": [
      "Giuseppe Grezzi",
      "Giuseppe"
    ]
  },
  {
    "value": "Santiago Benlliure Moreno",
    "synonyms": [
      "Santiago Benlliure Moreno",
      "Santiago Benlliure",
      "Santiago"
    ]
  },
  {
    "value": "María",
    "synonyms": [
      "María",
      "maria"
    ]
  },
  {
    "value": "María Jesús Puchalt Farinós",
    "synonyms": [
      "María Jesús Puchalt Farinós",
      "María Jesús Puchalt",
      "María Jesús"
    ]
  },
  {
    "value": "Carlos Galiana Llorens",
    "synonyms": [
      "Carlos Galiana Llorens",
      "Carlos Galiana",
      "Carlos"
    ]
  }
]