[
  {
    "value": "IVTNU",
    "synonyms": [
      "IVTNU",
      "incremento del valor de los terrenos de naturaleza urbana",
      "ivtnu"
    ]
  },
  {
    "value": "IAE",
    "synonyms": [
      "IAE",
      "Impuesto sobre actividades económicas",
      "iae"
    ]
  },
  {
    "value": "IVTM",
    "synonyms": [
      "IVTM",
      "El impuesto sobre vehículos de tracción mecánica",
      "ivtm"
    ]
  },
  {
    "value": "IBI",
    "synonyms": [
      "IBI",
      "ibi",
      "impuesto sobre bienes  inmuebles"
    ]
  },
  {
    "value": "impuestos",
    "synonyms": [
      "impuesto",
      "impostos",
      "impost",
      "impuestos"
    ]
  },
  {
    "value": "2015",
    "synonyms": [
      "2015"
    ]
  }
]